{"structure":{"components":{"masterPage":{"components":["SITE_HEADER","PAGES_CONTAINER","soapAfterPagesContainer","SITE_FOOTER"],"componentType":"MasterPage"},"SITE_HEADER":{"components":["comp-kfd29a1w","comp-j0b5pjyl","comp-ixt5awz6","comp-jxlgf8uo"],"componentType":"HeaderContainer","uiType":"TransparentScreen"},"SITE_FOOTER":{"components":[],"componentType":"FooterContainer","uiType":"TransparentScreen"},"PAGES_CONTAINER":{"components":["SITE_PAGES"],"componentType":"PagesContainer"},"CONTROLLER_COMP_CUSTOM_ID":{"componentType":"AppController"},"SOSP_CONTAINER_CUSTOM_ID":{"components":["comp-jxlgf90h","comp-jxlgf9qa"],"componentType":"Container","uiType":"DefaultAreaSkin"},"comp-kfd29a1w":{"componentType":"WPhoto","uiType":"NoSkinPhoto"},"comp-j0b5pjyl":{"componentType":"DropDownMenu","uiType":"TextOnlyMenuButtonSkin"},"comp-ixt5awz6":{"componentType":"LinkBar"},"comp-jxlgf8uo":{"componentType":"LoginSocialBar"},"SITE_PAGES":{"components":[],"componentType":"PageGroup"},"comp-jxlgf90h":{"componentType":"VerticalMenu","uiType":"VerticalMenuSolidColorSkin"},"comp-jxlgf9qa":{"componentType":"TPAWidget"},"BACKGROUND_GROUP":{"components":[],"componentType":"BackgroundGroup"},"soapAfterPagesContainer":{"components":["CONTROLLER_COMP_CUSTOM_ID","SOSP_CONTAINER_CUSTOM_ID"],"componentType":"MeshGroup"},"SCROLL_TO_TOP":{"componentType":"Anchor"},"SCROLL_TO_BOTTOM":{"componentType":"Anchor"}},"features":["accessibility","activePopup","animationsWixCodeSdk","animations","clickHandlerRegistrar","commonConfig","dropdownMenu","imageZoom","locationWixCodeSdk","loginSocialBar","navigation","ooiTpaSharedConfig","pageScroll","platformPubsub","protectedPages","renderer","reporter","scrollRestoration","scrollToAnchor","seoWixCodeSdk","siteMembersWixCodeSdk","siteMembers","siteWixCodeSdk","sosp","tpa","verticalMenu","windowScroll","windowWixCodeSdk"],"siteFeaturesConfigs":{"customUrlMapper":{"appPageIds":{"member_info":"vltnn"}},"ooiTpaSharedConfig":{"fontsMeta":[{"fonts":[{"displayName":"Ahmed Outline","fontFamily":"ahmedltw20-outlineregul","cdnName":"","genericFamily":"fantasy","provider":"monotype","characterSets":["arabic"],"permissions":"all","fallbacks":"","spriteIndex":185,"cssFontFamily":"ahmedltw20-outlineregul,fantasy"},{"displayName":"Amiri","fontFamily":"amiri","cdnName":"","genericFamily":"serif","provider":"open source","characterSets":["arabic"],"permissions":"all","fallbacks":"","spriteIndex":187,"cssFontFamily":"amiri,serif"},{"displayName":"Arabic Typesetting Regular","fontFamily":"arabictypesettingw23-re","cdnName":"","genericFamily":"serif","provider":"monotype","characterSets":["arabic"],"permissions":"all","fallbacks":"","spriteIndex":177,"cssFontFamily":"arabictypesettingw23-re,serif"},{"displayName":"Arial","fontFamily":"arial","cdnName":"","genericFamily":"sans-serif","provider":"system","characterSets":["latin","latin-ext","cyrillic","hebrew","arabic"],"permissions":"all","fallbacks":"ｍｓ ｐゴシック,ms pgothic,돋움,dotum,helvetica","spriteIndex":2,"cssFontFamily":"arial,ｍｓ ｐゴシック,ms pgothic,돋움,dotum,helveticasans-serif"},{"displayName":"Arian","fontFamily":"arian-lt-w20-regular","cdnName":"","genericFamily":"sans-serif","provider":"monotype","characterSets":["arabic"],"permissions":"all","fallbacks":"","spriteIndex":180,"cssFontFamily":"arian-lt-w20-regular,sans-serif"},{"displayName":"Arian Light","fontFamily":"arian-lt-w20-light","cdnName":"","genericFamily":"sans-serif","provider":"monotype","characterSets":["arabic"],"permissions":"all","fallbacks":"","spriteIndex":179,"cssFontFamily":"arian-lt-w20-light,sans-serif"},{"displayName":"Courier New","fontFamily":"courier new","cdnName":"","genericFamily":"monospace","provider":"system","characterSets":["latin","latin-ext","cyrillic","hebrew","arabic"],"permissions":"all","fallbacks":"courier-ps-w01,courier-ps-w02,courier-ps-w10","spriteIndex":7,"cssFontFamily":"courier new,courier-ps-w01,courier-ps-w02,courier-ps-w10monospace"},{"displayName":"DIN Next Arabic","fontFamily":"dinnextltw23-ultralight","cdnName":"","genericFamily":"sans-serif","provider":"monotype","characterSets":["arabic"],"permissions":"all","fallbacks":"","spriteIndex":183,"cssFontFamily":"dinnextltw23-ultralight,sans-serif"},{"displayName":"Droid Naskh","fontFamily":"droid-naskh","cdnName":"","genericFamily":"serif","provider":"open source","characterSets":["arabic"],"permissions":"all","fallbacks":"","spriteIndex":188,"cssFontFamily":"droid-naskh,serif"},{"displayName":"Janna","fontFamily":"janna-lt-w20-regular","cdnName":"","genericFamily":"sans-serif","provider":"monotype","characterSets":["arabic"],"permissions":"all","fallbacks":"","spriteIndex":181,"cssFontFamily":"janna-lt-w20-regular,sans-serif"},{"displayName":"Kufi Regular","fontFamily":"kufi-lt-w20-regular","cdnName":"","genericFamily":"fantasy","provider":"monotype","characterSets":["arabic"],"permissions":"all","fallbacks":"","spriteIndex":186,"cssFontFamily":"kufi-lt-w20-regular,fantasy"},{"displayName":"Midan","fontFamily":"midan-w20","cdnName":"","genericFamily":"serif","provider":"monotype","characterSets":["arabic"],"permissions":"all","fallbacks":"","spriteIndex":178,"cssFontFamily":"midan-w20,serif"},{"displayName":"Neue Helvetica Arabic","fontFamily":"helveticaneueltw20-ligh","cdnName":"","genericFamily":"sans-serif","provider":"monotype","characterSets":["arabic"],"permissions":"all","fallbacks":"","spriteIndex":182,"cssFontFamily":"helveticaneueltw20-ligh,sans-serif"},{"displayName":"Tahoma","fontFamily":"tahoma","cdnName":"","genericFamily":"sans-serif","provider":"system","characterSets":["latin","latin-ext","hebrew","arabic"],"permissions":"all","fallbacks":"tahoma-w01-regular,tahoma-w02-regular,tahoma-w10-regular,tahoma-w15--regular,tahoma-w99-regular","spriteIndex":77,"cssFontFamily":"tahoma,tahoma-w01-regular,tahoma-w02-regular,tahoma-w10-regular,tahoma-w15--regular,tahoma-w99-regularsans-serif"},{"displayName":"Tanseek Modern Light","fontFamily":"tanseekmodernw20-light","cdnName":"","genericFamily":"sans-serif","provider":"monotype","characterSets":["arabic"],"permissions":"all","fallbacks":"","spriteIndex":184,"cssFontFamily":"tanseekmodernw20-light,sans-serif"},{"displayName":"Times New Roman","fontFamily":"times new roman","cdnName":"","genericFamily":"serif","provider":"system","characterSets":["latin","latin-ext","cyrillic","hebrew","arabic"],"permissions":"all","fallbacks":"times","spriteIndex":81,"cssFontFamily":"times new roman,timesserif"}],"lang":"arabic"},{"fonts":[{"displayName":"Adobe Caslon","fontFamily":"adobe-caslon-w01-smbd","cdnName":"","genericFamily":"serif","provider":"monotype","characterSets":["latin"],"permissions":"all","fallbacks":"","spriteIndex":219,"cssFontFamily":"adobe-caslon-w01-smbd,serif"},{"displayName":"Amatic SC","fontFamily":"amatic sc","cdnName":"Amatic+SC","genericFamily":"cursive","provider":"google","characterSets":["latin"],"permissions":"all","fallbacks":"","spriteIndex":154,"cssFontFamily":"amatic sc,cursive"},{"displayName":"Avenir","fontFamily":"avenir-lt-w01_85-heavy1475544","cdnName":"","genericFamily":"sans-serif","provider":"monotype","characterSets":["latin"],"permissions":"all","fallbacks":"","spriteIndex":216,"cssFontFamily":"avenir-lt-w01_85-heavy1475544,sans-serif"},{"displayName":"Avenir Light","fontFamily":"avenir-lt-w01_35-light1475496","cdnName":"","genericFamily":"sans-serif","provider":"monotype","characterSets":["latin"],"permissions":"all","fallbacks":"","spriteIndex":217,"cssFontFamily":"avenir-lt-w01_35-light1475496,sans-serif"},{"displayName":"Belinda","fontFamily":"belinda-w00-regular","cdnName":"","genericFamily":"script","provider":"monotype","characterSets":["latin"],"permissions":"all","fallbacks":"","spriteIndex":222,"cssFontFamily":"belinda-w00-regular,script"},{"displayName":"Braggadocio","fontFamily":"braggadocio-w01","cdnName":"","genericFamily":"fantasy","provider":"monotype","characterSets":["latin"],"permissions":"all","fallbacks":"","spriteIndex":117,"cssFontFamily":"braggadocio-w01,fantasy"},{"displayName":"Brandon Grotesque","fontFamily":"brandon-grot-w01-light","cdnName":"","genericFamily":"sans-serif","provider":"monotype","characterSets":["latin"],"permissions":"all","fallbacks":"","spriteIndex":215,"cssFontFamily":"brandon-grot-w01-light,sans-serif"},{"displayName":"Bree","fontFamily":"bree-w01-thin-oblique","cdnName":"","genericFamily":"sans-serif","provider":"monotype","characterSets":["latin"],"permissions":"all","fallbacks":"","spriteIndex":211,"cssFontFamily":"bree-w01-thin-oblique,sans-serif"},{"displayName":"Chelsea Market","fontFamily":"chelsea market","cdnName":"Chelsea+Market","genericFamily":"fantasy","provider":"google","characterSets":["latin"],"permissions":"all","fallbacks":"","spriteIndex":19,"cssFontFamily":"chelsea market,fantasy"},{"displayName":"Cinzel","fontFamily":"cinzel","cdnName":"Cinzel","genericFamily":"serif","provider":"google","characterSets":["latin"],"permissions":"all","fallbacks":"","spriteIndex":204,"cssFontFamily":"cinzel,serif"},{"displayName":"Corben","fontFamily":"corben","cdnName":"Corben","genericFamily":"serif","provider":"google","characterSets":["latin"],"permissions":"all","fallbacks":"","spriteIndex":23,"cssFontFamily":"corben,serif"},{"displayName":"DIN Neuzeit Grotesk","fontFamily":"dinneuzeitgroteskltw01-_812426","cdnName":"","genericFamily":"sans-serif","provider":"monotype","characterSets":["latin"],"permissions":"all","fallbacks":"","spriteIndex":225,"cssFontFamily":"dinneuzeitgroteskltw01-_812426,sans-serif"},{"displayName":"Damion","fontFamily":"damion","cdnName":"Damion","genericFamily":"cursive","provider":"google","characterSets":["latin"],"permissions":"all","fallbacks":"","spriteIndex":257,"cssFontFamily":"damion,cursive"},{"displayName":"Fredericka the Great","fontFamily":"fredericka the great","cdnName":"Fredericka+the+Great","genericFamily":"fantasy","provider":"google","characterSets":["latin"],"permissions":"all","fallbacks":"","spriteIndex":32,"cssFontFamily":"fredericka the great,fantasy"},{"displayName":"Futura","fontFamily":"futura-lt-w01-book","cdnName":"","genericFamily":"sans-serif","provider":"monotype","characterSets":["latin"],"permissions":"all","fallbacks":"","spriteIndex":213,"cssFontFamily":"futura-lt-w01-book,sans-serif"},{"displayName":"Futura Light","fontFamily":"futura-lt-w01-light","cdnName":"","genericFamily":"sans-serif","provider":"monotype","characterSets":["latin"],"permissions":"all","fallbacks":"","spriteIndex":214,"cssFontFamily":"futura-lt-w01-light,sans-serif"},{"displayName":"Geotica Four Open","fontFamily":"geotica-w01-four-open","cdnName":"","genericFamily":"fantasy","provider":"monotype","characterSets":["latin"],"permissions":"all","fallbacks":"","spriteIndex":115,"cssFontFamily":"geotica-w01-four-open,fantasy"},{"displayName":"ITC Arecibo","fontFamily":"itc-arecibo-w01-regular","cdnName":"","genericFamily":"fantasy","provider":"monotype","characterSets":["latin"],"permissions":"all","fallbacks":"","spriteIndex":111,"cssFontFamily":"itc-arecibo-w01-regular,fantasy"},{"displayName":"Josefin Slab","fontFamily":"josefin slab","cdnName":"Josefin+Slab","genericFamily":"serif","provider":"google","characterSets":["latin"],"permissions":"all","fallbacks":"","spriteIndex":41,"cssFontFamily":"josefin slab,serif"},{"displayName":"Kepler","fontFamily":"kepler-w03-light-scd-cp","cdnName":"","genericFamily":"serif","provider":"monotype","characterSets":["latin"],"permissions":"all","fallbacks":"","spriteIndex":220,"cssFontFamily":"kepler-w03-light-scd-cp,serif"},{"displayName":"Libre Baskerville","fontFamily":"libre baskerville","cdnName":"Libre+Baskerville","genericFamily":"serif","provider":"google","characterSets":["latin"],"permissions":"all","fallbacks":"","spriteIndex":208,"cssFontFamily":"libre baskerville,serif"},{"displayName":"Linotype Didot","fontFamily":"didot-w01-italic","cdnName":"","genericFamily":"serif","provider":"monotype","characterSets":["latin"],"permissions":"all","fallbacks":"","spriteIndex":218,"cssFontFamily":"didot-w01-italic,serif"},{"displayName":"Lucida Sans Unicode","fontFamily":"lucida sans unicode","cdnName":"","genericFamily":"sans-serif","provider":"system","characterSets":["latin"],"permissions":"all","fallbacks":"lucida grande","spriteIndex":50,"cssFontFamily":"lucida sans unicode,lucida grandesans-serif"},{"displayName":"Lulo Clean","fontFamily":"lulo-clean-w01-one-bold","cdnName":"","genericFamily":"sans-serif","provider":"monotype","characterSets":["latin"],"permissions":"all","fallbacks":"","spriteIndex":212,"cssFontFamily":"lulo-clean-w01-one-bold,sans-serif"},{"displayName":"Marzo","fontFamily":"marzo-w00-regular","cdnName":"","genericFamily":"fantasy","provider":"monotype","characterSets":["latin"],"permissions":"all","fallbacks":"","spriteIndex":116,"cssFontFamily":"marzo-w00-regular,fantasy"},{"displayName":"Monotype Baskerville","fontFamily":"baskervillemtw01-smbdit","cdnName":"","genericFamily":"serif","provider":"monotype","characterSets":["latin"],"permissions":"all","fallbacks":"","spriteIndex":221,"cssFontFamily":"baskervillemtw01-smbdit,serif"},{"displayName":"Mr De Haviland","fontFamily":"mr de haviland","cdnName":"Mr+De+Haviland","genericFamily":"cursive","provider":"google","characterSets":["latin"],"permissions":"all","fallbacks":"","spriteIndex":57,"cssFontFamily":"mr de haviland,cursive"},{"displayName":"Museo","fontFamily":"museo-w01-700","cdnName":"","genericFamily":"serif","provider":"monotype","characterSets":["latin"],"permissions":"all","fallbacks":"","spriteIndex":140,"cssFontFamily":"museo-w01-700,serif"},{"displayName":"Museo Slab","fontFamily":"museo-slab-w01-100","cdnName":"","genericFamily":"serif","provider":"monotype","characterSets":["latin"],"permissions":"all","fallbacks":"","spriteIndex":141,"cssFontFamily":"museo-slab-w01-100,serif"},{"displayName":"Niconne","fontFamily":"niconne","cdnName":"Niconne","genericFamily":"fantasy","provider":"google","characterSets":["latin"],"permissions":"all","fallbacks":"","spriteIndex":58,"cssFontFamily":"niconne,fantasy"},{"displayName":"Nimbus Sans","fontFamily":"nimbus-sans-tw01con","cdnName":"","genericFamily":"sans-serif","provider":"monotype","characterSets":["latin"],"permissions":"all","fallbacks":"","spriteIndex":132,"cssFontFamily":"nimbus-sans-tw01con,sans-serif"},{"displayName":"Overlock","fontFamily":"overlock","cdnName":"Overlock","genericFamily":"sans-serif","provider":"google","characterSets":["latin"],"permissions":"all","fallbacks":"","spriteIndex":64,"cssFontFamily":"overlock,sans-serif"},{"displayName":"Pacifica Condensed","fontFamily":"pacifica-w00-condensed","cdnName":"","genericFamily":"fantasy","provider":"monotype","characterSets":["latin"],"permissions":"all","fallbacks":"","spriteIndex":114,"cssFontFamily":"pacifica-w00-condensed,fantasy"},{"displayName":"Peaches & Cream","fontFamily":"peaches-and-cream-regular-w00","cdnName":"","genericFamily":"script","provider":"monotype","characterSets":["latin"],"permissions":"all","fallbacks":"","spriteIndex":224,"cssFontFamily":"peaches-and-cream-regular-w00,script"},{"displayName":"Proxima Nova","fontFamily":"proxima-n-w01-reg","cdnName":"","genericFamily":"sans-serif","provider":"monotype","characterSets":["latin"],"permissions":"all","fallbacks":"","spriteIndex":210,"cssFontFamily":"proxima-n-w01-reg,sans-serif"},{"displayName":"Questrial","fontFamily":"questrial","cdnName":"Questrial","genericFamily":"sans-serif","provider":"google","characterSets":["latin"],"permissions":"all","fallbacks":"","spriteIndex":267,"cssFontFamily":"questrial,sans-serif"},{"displayName":"Raleway","fontFamily":"raleway","cdnName":"Raleway","genericFamily":"sans-serif","provider":"google","characterSets":["latin"],"permissions":"all","fallbacks":"","spriteIndex":150,"cssFontFamily":"raleway,sans-serif"},{"displayName":"Rosewood","fontFamily":"rosewood-w01-regular","cdnName":"","genericFamily":"sans-serif","provider":"monotype","characterSets":["latin"],"permissions":"all","fallbacks":"","spriteIndex":157,"cssFontFamily":"rosewood-w01-regular,sans-serif"},{"displayName":"Sail","fontFamily":"sail","cdnName":"Sail","genericFamily":"serif","provider":"google","characterSets":["latin"],"permissions":"all","fallbacks":"","spriteIndex":205,"cssFontFamily":"sail,serif"},{"displayName":"Snell Roundhand","fontFamily":"snellroundhandw01-scrip","cdnName":"","genericFamily":"cursive","provider":"monotype","characterSets":["latin"],"permissions":"all","fallbacks":"","spriteIndex":120,"cssFontFamily":"snellroundhandw01-scrip,cursive"},{"displayName":"Spinnaker","fontFamily":"spinnaker","cdnName":"Spinnaker","genericFamily":"sans-serif","provider":"google","characterSets":["latin"],"permissions":"all","fallbacks":"","spriteIndex":76,"cssFontFamily":"spinnaker,sans-serif"},{"displayName":"Stencil","fontFamily":"stencil-w01-bold","cdnName":"","genericFamily":"fantasy","provider":"monotype","characterSets":["latin"],"permissions":"all","fallbacks":"","spriteIndex":110,"cssFontFamily":"stencil-w01-bold,fantasy"},{"displayName":"Trend","fontFamily":"trend-sans-w00-four","cdnName":"","genericFamily":"sans-serif","provider":"monotype","characterSets":["latin"],"permissions":"all","fallbacks":"","spriteIndex":209,"cssFontFamily":"trend-sans-w00-four,sans-serif"}],"lang":"latin"}]},"pageAnchors":{"pageAnchorsObservers":[],"activeAnchorObservers":[{"id":"comp-j0b5pjyl","type":"DropDownMenu"}],"siteOffset":0},"pages":{"nonPopupPages":{"c1dmp":true,"rplc2":true,"ke69o":true,"sr3by":true,"kd483":true,"jjt4c":true,"r3b0l":true,"itcrw":true,"reiv1":true,"vltnn":true}},"popups":{"popupPages":{}},"protectedPages":{"noPermissionsPageUrl":"./","pagesSecurity":{"vltnn":{"requireLogin":true,"passwordDigest":""}}},"router":{"tpaSectionPageIds":{"vltnn":true},"popupPages":{}},"scrollToAnchor":{"compsWithCurrentInnerRouteDynamicPageLink":[],"compsWithTopBottomAnchor":[]},"seo":{"c1dmp":{"description":"","indexPage":true,"ogImage":"","ogImageHeight":"","ogImageWidth":"","pageName":"HOME","title":"Oxford Recording Society","advancedSeoData":"{\"tags\":[{\"type\":\"title\",\"children\":\"Oxford Recording Society\"}]}"},"rplc2":{"description":"","indexPage":true,"ogImage":"","ogImageHeight":"","ogImageWidth":"","pageName":"Join","title":"Join | ORS","advancedSeoData":"{\"tags\":[{\"type\":\"title\",\"children\":\"Join | ORS\"}]}"},"ke69o":{"description":"","indexPage":true,"ogImage":"","ogImageHeight":"","ogImageWidth":"","pageName":"COMMITTEE","title":"Committee | ORS","advancedSeoData":"{\"tags\":[{\"type\":\"title\",\"children\":\"Committee | ORS\"}]}"},"sr3by":{"description":"","indexPage":true,"ogImage":"","ogImageHeight":"","ogImageWidth":"","pageName":"TERM CARD","title":"Term Card | ORS","advancedSeoData":"{\"tags\":[{\"type\":\"title\",\"children\":\"Term Card | ORS\"}]}"},"kd483":{"description":"","indexPage":true,"ogImage":"","ogImageHeight":"","ogImageWidth":"","pageName":"Ox RECORDS","title":"","advancedSeoData":""},"jjt4c":{"description":"","indexPage":true,"ogImage":"","ogImageHeight":"","ogImageWidth":"","pageName":"About","title":"","advancedSeoData":""},"r3b0l":{"description":"","indexPage":true,"ogImage":"","ogImageHeight":"","ogImageWidth":"","pageName":"Releases","title":"","advancedSeoData":""},"itcrw":{"description":"","indexPage":true,"ogImage":"","ogImageHeight":"","ogImageWidth":"","pageName":"Artists","title":"","advancedSeoData":""},"reiv1":{"description":"","indexPage":true,"ogImage":"","ogImageHeight":"","ogImageWidth":"","pageName":"Team","title":"","advancedSeoData":""},"vltnn":{"description":"","indexPage":false,"ogImage":"","ogImageHeight":"","ogImageWidth":"","pageName":"My Account","title":"","advancedSeoData":""}},"siteMembers":{"smSettings":{"socialLoginGoogleEnabled":true,"socialLoginFacebookEnabled":true,"termsOfUse":{},"privacyPolicy":{},"codeOfConduct":{}},"policyLinks":{},"tpaApplicationIds":{"4913":true}},"tpa":{"siteColors":[{"name":"color_1","value":"#FFFFFF","reference":"white/black"},{"name":"color_2","value":"#000000","reference":"black/white"},{"name":"color_3","value":"#ED1C24","reference":"primery-1"},{"name":"color_4","value":"#0088CB","reference":"primery-2"},{"name":"color_5","value":"#FFCB05","reference":"primery-3"},{"name":"color_11","value":"#000000","reference":"color-1"},{"name":"color_12","value":"#999997","reference":"color-2"},{"name":"color_13","value":"#C7C7C7","reference":"color-3"},{"name":"color_14","value":"#E8E6E6","reference":"color-4"},{"name":"color_15","value":"#FFFFFF","reference":"color-5"},{"name":"color_16","value":"#550120","reference":"color-6"},{"name":"color_17","value":"#A90140","reference":"color-7"},{"name":"color_18","value":"#FE0260","reference":"color-8"},{"name":"color_19","value":"#FE80AF","reference":"color-9"},{"name":"color_20","value":"#FFAACA","reference":"color-10"},{"name":"color_21","value":"#1B0326","reference":"color-11"},{"name":"color_22","value":"#4C2953","reference":"color-12"},{"name":"color_23","value":"#77547E","reference":"color-13"},{"name":"color_24","value":"#A27FA9","reference":"color-14"},{"name":"color_25","value":"#CDAAD4","reference":"color-15"},{"name":"color_26","value":"#27331B","reference":"color-16"},{"name":"color_27","value":"#4E6636","reference":"color-17"},{"name":"color_28","value":"#9BCB6C","reference":"color-18"},{"name":"color_29","value":"#CAE5AF","reference":"color-19"},{"name":"color_30","value":"#E5FAD1","reference":"color-20"},{"name":"color_31","value":"#0A094B","reference":"color-21"},{"name":"color_32","value":"#141295","reference":"color-22"},{"name":"color_33","value":"#1E1BE0","reference":"color-23"},{"name":"color_34","value":"#8583EA","reference":"color-24"},{"name":"color_35","value":"#AEADF5","reference":"color-25"}],"siteTextPresets":{"Title":{"editorKey":"font_0","lineHeight":"1.4em","style":"normal","weight":"normal","size":"155px","fontFamily":"didot-w01-italic,serif","value":"font:normal normal normal 155px/1.4em didot-w01-italic,serif;"},"Menu":{"editorKey":"font_1","lineHeight":"1.4em","style":"normal","weight":"normal","size":"16px","fontFamily":"din-next-w01-light,din-next-w02-light,din-next-w10-light,sans-serif","value":"font:normal normal normal 16px/1.4em din-next-w01-light,din-next-w02-light,din-next-w10-light,sans-serif;"},"Page-title":{"editorKey":"font_2","lineHeight":"1.4em","style":"normal","weight":"normal","size":"155px","fontFamily":"didot-w01-italic,serif","value":"font:normal normal normal 155px/1.4em didot-w01-italic,serif;"},"Heading-XL":{"editorKey":"font_3","lineHeight":"1.4em","style":"normal","weight":"normal","size":"155px","fontFamily":"didot-w01-italic,serif","value":"font:normal normal normal 155px/1.4em didot-w01-italic,serif;"},"Heading-L":{"editorKey":"font_4","lineHeight":"1.4em","style":"normal","weight":"normal","size":"60px","fontFamily":"didot-w01-italic,serif","value":"font:normal normal normal 60px/1.4em didot-w01-italic,serif;"},"Heading-M":{"editorKey":"font_5","lineHeight":"1.4em","style":"normal","weight":"normal","size":"25px","fontFamily":"avenir-lt-w01_35-light1475496,sans-serif","value":"font:normal normal normal 25px/1.4em avenir-lt-w01_35-light1475496,sans-serif;"},"Heading-S":{"editorKey":"font_6","lineHeight":"1.4em","style":"normal","weight":"normal","size":"22px","fontFamily":"avenir-lt-w01_35-light1475496,sans-serif","value":"font:normal normal normal 22px/1.4em avenir-lt-w01_35-light1475496,sans-serif;"},"Body-L":{"editorKey":"font_7","lineHeight":"1.4em","style":"normal","weight":"normal","size":"17px","fontFamily":"didot-w01-italic,serif","value":"font:normal normal normal 17px/1.4em didot-w01-italic,serif;"},"Body-M":{"editorKey":"font_8","lineHeight":"1.4em","style":"normal","weight":"normal","size":"16px","fontFamily":"avenir-lt-w01_35-light1475496,sans-serif","value":"font:normal normal normal 16px/1.4em avenir-lt-w01_35-light1475496,sans-serif;"},"Body-S":{"editorKey":"font_9","lineHeight":"1.4em","style":"normal","weight":"normal","size":"14px","fontFamily":"avenir-lt-w01_35-light1475496,sans-serif","value":"font:normal normal normal 14px/1.4em avenir-lt-w01_35-light1475496,sans-serif;"},"Body-XS":{"editorKey":"font_10","lineHeight":"1.4em","style":"normal","weight":"normal","size":"12px","fontFamily":"din-next-w01-light,din-next-w02-light,din-next-w10-light,sans-serif","value":"font:normal normal normal 12px/1.4em din-next-w01-light,din-next-w02-light,din-next-w10-light,sans-serif;"}},"isVisualFocusEnabled":true,"pagesData":{"c1dmp":{"tpaApplicationId":0,"siteDescription":"","pageUriSEO":"home","siteKeywords":"","title":"HOME","id":"c1dmp","isHomePage":true},"rplc2":{"tpaApplicationId":0,"siteDescription":"","pageUriSEO":"join","siteKeywords":"","title":"Join","id":"rplc2","isHomePage":false},"ke69o":{"tpaApplicationId":0,"siteDescription":"","pageUriSEO":"committee","siteKeywords":"","title":"COMMITTEE","id":"ke69o","isHomePage":false},"sr3by":{"tpaApplicationId":0,"siteDescription":"","pageUriSEO":"termcard","siteKeywords":"","title":"TERM CARD","id":"sr3by","isHomePage":false},"kd483":{"tpaApplicationId":0,"siteDescription":"","pageUriSEO":"ox-records","siteKeywords":"","title":"Ox RECORDS","id":"kd483","isHomePage":false},"jjt4c":{"tpaApplicationId":0,"siteDescription":"","pageUriSEO":"about","siteKeywords":"","title":"About","id":"jjt4c","isHomePage":false},"r3b0l":{"tpaApplicationId":0,"siteDescription":"","pageUriSEO":"releases","siteKeywords":"","title":"Releases","id":"r3b0l","isHomePage":false},"itcrw":{"tpaApplicationId":0,"siteDescription":"","pageUriSEO":"artists","siteKeywords":"","title":"Artists","id":"itcrw","isHomePage":false},"reiv1":{"tpaApplicationId":0,"siteDescription":"","pageUriSEO":"team","siteKeywords":"","title":"Team","id":"reiv1","isHomePage":false},"vltnn":{"tpaPageId":"member_info","tpaApplicationId":4913,"siteDescription":"","pageUriSEO":"my-account","siteKeywords":"","title":"My Account","id":"vltnn","isHomePage":false}},"menuData":{"type":"CustomMenu","id":"CUSTOM_MAIN_MENU","metaData":{"isPreset":false,"schemaVersion":"1.0","isHidden":false},"name":"Custom Main Menu","items":[{"type":"BasicMenuItem","id":"bmi23nr","metaData":{"isPreset":false,"schemaVersion":"1.0","isHidden":false},"label":"HOME","isVisible":true,"isVisibleMobile":true,"items":[],"link":{"type":"PageLink","id":"1fti","metaData":{"isPreset":false,"schemaVersion":"1.0","isHidden":false},"pageId":{"type":"Page","id":"c1dmp","metaData":{"isPreset":false,"schemaVersion":"2.0","isHidden":false},"title":"HOME","hideTitle":true,"icon":"","descriptionSEO":"","metaKeywordsSEO":"","pageTitleSEO":"Oxford Recording Society","pageUriSEO":"home","hidePage":false,"isMobileLandingPage":false,"underConstruction":false,"tpaApplicationId":0,"pageSecurity":{"requireLogin":false},"isPopup":false,"indexable":true,"isLandingPage":false,"pageBackgrounds":{"desktop":{"custom":true,"isPreset":true},"mobile":{"custom":true,"isPreset":true,"mediaSizing":"viewport"}},"translationData":{"uriSEOTranslated":false},"ignoreBottomBottomAnchors":true,"advancedSeoData":"{\"tags\":[{\"type\":\"title\",\"children\":\"Oxford Recording Society\"}]}"},"target":"_self"}},{"type":"BasicMenuItem","id":"dataItem-kfh2kmor","metaData":{"isPreset":false,"schemaVersion":"1.0","isHidden":false},"label":"Join","isVisible":false,"isVisibleMobile":false,"items":[],"link":{"type":"PageLink","id":"dataItem-kfh2kmor1","metaData":{"isPreset":false,"schemaVersion":"1.0","isHidden":false},"pageId":{"type":"Page","id":"rplc2","metaData":{"isPreset":false,"schemaVersion":"2.0","isHidden":false},"title":"Join","hideTitle":true,"icon":"","descriptionSEO":"","metaKeywordsSEO":"","pageTitleSEO":"Join | ORS","pageUriSEO":"join","hidePage":true,"isMobileLandingPage":false,"underConstruction":false,"tpaApplicationId":0,"pageSecurity":{"requireLogin":false,"passwordDigest":"","dialogLanguage":""},"isPopup":false,"indexable":true,"isLandingPage":false,"pageBackgrounds":{"desktop":{"custom":true,"isPreset":true},"mobile":{"custom":true,"isPreset":true,"mediaSizing":"viewport"}},"translationData":{"uriSEOTranslated":false},"advancedSeoData":"{\"tags\":[{\"type\":\"title\",\"children\":\"Join | ORS\"}]}"},"target":"_self"}},{"type":"BasicMenuItem","id":"dataItem-ixu58wve","metaData":{"isPreset":false,"schemaVersion":"1.0","isHidden":false},"label":"COMMITTEE","isVisible":true,"isVisibleMobile":true,"items":[],"link":{"type":"PageLink","id":"dataItem-ixu58wve1","metaData":{"isPreset":false,"schemaVersion":"1.0","isHidden":false},"pageId":{"type":"Page","id":"ke69o","metaData":{"isPreset":false,"schemaVersion":"2.0","isHidden":false},"title":"COMMITTEE","hideTitle":true,"icon":"","descriptionSEO":"","metaKeywordsSEO":"","pageTitleSEO":"Committee | ORS","pageUriSEO":"committee","hidePage":false,"isMobileLandingPage":false,"underConstruction":false,"tpaApplicationId":0,"pageSecurity":{"requireLogin":false,"passwordDigest":"","dialogLanguage":""},"isPopup":false,"indexable":true,"isLandingPage":false,"pageBackgrounds":{"desktop":{"custom":true,"isPreset":true},"mobile":{"custom":true,"isPreset":true,"mediaSizing":"viewport"}},"translationData":{"uriSEOTranslated":false},"advancedSeoData":"{\"tags\":[{\"type\":\"title\",\"children\":\"Committee | ORS\"}]}"},"target":"_self"}},{"type":"BasicMenuItem","id":"dataItem-ixu59qz6","metaData":{"isPreset":false,"schemaVersion":"1.0","isHidden":false},"label":"TERM CARD","isVisible":true,"isVisibleMobile":true,"items":[],"link":{"type":"PageLink","id":"dataItem-ixu59qz61","metaData":{"isPreset":false,"schemaVersion":"1.0","isHidden":false},"pageId":{"type":"Page","id":"sr3by","metaData":{"isPreset":false,"schemaVersion":"2.0","isHidden":false},"title":"TERM CARD","hideTitle":true,"icon":"","descriptionSEO":"","metaKeywordsSEO":"","pageTitleSEO":"Term Card | ORS","pageUriSEO":"termcard","hidePage":false,"isMobileLandingPage":false,"underConstruction":false,"tpaApplicationId":0,"pageSecurity":{"requireLogin":false,"passwordDigest":"","dialogLanguage":""},"isPopup":false,"indexable":true,"isLandingPage":false,"pageBackgrounds":{"desktop":{"custom":true,"isPreset":true},"mobile":{"custom":true,"isPreset":true,"mediaSizing":"viewport"}},"translationData":{"uriSEOTranslated":false},"advancedSeoData":"{\"tags\":[{\"type\":\"title\",\"children\":\"Term Card | ORS\"}]}"},"target":"_self"}},{"type":"BasicMenuItem","id":"dataItem-kfd3v5mo","metaData":{"isPreset":false,"schemaVersion":"1.0","isHidden":false},"label":"Ox RECORDS","isVisible":true,"isVisibleMobile":true,"items":[{"type":"BasicMenuItem","id":"dataItem-kfh1zavy","metaData":{"isPreset":false,"schemaVersion":"1.0","isHidden":false},"label":"About","isVisible":true,"isVisibleMobile":true,"items":[],"link":{"type":"PageLink","id":"dataItem-kfh1zavy1","metaData":{"isPreset":false,"schemaVersion":"1.0","isHidden":false},"pageId":{"type":"Page","id":"jjt4c","metaData":{"isPreset":false,"schemaVersion":"2.0","isHidden":false},"title":"About","hideTitle":true,"icon":"","descriptionSEO":"","metaKeywordsSEO":"","pageTitleSEO":"","pageUriSEO":"about","hidePage":false,"isMobileLandingPage":false,"underConstruction":false,"tpaApplicationId":0,"pageSecurity":{"requireLogin":false,"passwordDigest":"","dialogLanguage":""},"isPopup":false,"indexable":true,"isLandingPage":false,"pageBackgrounds":{"desktop":{"custom":true,"isPreset":true},"mobile":{"custom":true,"isPreset":true,"mediaSizing":"viewport"}},"translationData":{"uriSEOTranslated":false}},"target":"_self"}},{"type":"BasicMenuItem","id":"dataItem-kfh1wpj81","metaData":{"isPreset":false,"schemaVersion":"1.0","isHidden":false},"label":"Releases","isVisible":true,"isVisibleMobile":true,"items":[],"link":{"type":"PageLink","id":"dataItem-kfh1wpj82","metaData":{"isPreset":false,"schemaVersion":"1.0","isHidden":false},"pageId":{"type":"Page","id":"r3b0l","metaData":{"isPreset":false,"schemaVersion":"2.0","isHidden":false},"title":"Releases","hideTitle":true,"icon":"","descriptionSEO":"","metaKeywordsSEO":"","pageTitleSEO":"","pageUriSEO":"releases","hidePage":false,"isMobileLandingPage":false,"underConstruction":false,"tpaApplicationId":0,"pageSecurity":{"requireLogin":false,"passwordDigest":"","dialogLanguage":""},"isPopup":false,"indexable":true,"isLandingPage":false,"pageBackgrounds":{"desktop":{"custom":true,"isPreset":true},"mobile":{"custom":true,"isPreset":true,"mediaSizing":"viewport"}},"translationData":{"uriSEOTranslated":false}},"target":"_self"}},{"type":"BasicMenuItem","id":"dataItem-kfh1wavu","metaData":{"isPreset":false,"schemaVersion":"1.0","isHidden":false},"label":"Artists","isVisible":true,"isVisibleMobile":true,"items":[],"link":{"type":"PageLink","id":"dataItem-kfh1wavu1","metaData":{"isPreset":false,"schemaVersion":"1.0","isHidden":false},"pageId":{"type":"Page","id":"itcrw","metaData":{"isPreset":false,"schemaVersion":"2.0","isHidden":false},"title":"Artists","hideTitle":true,"icon":"","descriptionSEO":"","metaKeywordsSEO":"","pageTitleSEO":"","pageUriSEO":"artists","hidePage":false,"isMobileLandingPage":false,"underConstruction":false,"tpaApplicationId":0,"pageSecurity":{"requireLogin":false,"passwordDigest":"","dialogLanguage":""},"isPopup":false,"indexable":true,"isLandingPage":false,"pageBackgrounds":{"desktop":{"custom":true,"isPreset":true},"mobile":{"custom":true,"isPreset":true,"mediaSizing":"viewport"}},"translationData":{"uriSEOTranslated":false}},"target":"_self"}},{"type":"BasicMenuItem","id":"dataItem-kfh1zgom","metaData":{"isPreset":false,"schemaVersion":"1.0","isHidden":false},"label":"Team","isVisible":true,"isVisibleMobile":true,"items":[],"link":{"type":"PageLink","id":"dataItem-kfh1zgom1","metaData":{"isPreset":false,"schemaVersion":"1.0","isHidden":false},"pageId":{"type":"Page","id":"reiv1","metaData":{"isPreset":false,"schemaVersion":"2.0","isHidden":false},"title":"Team","hideTitle":true,"icon":"","descriptionSEO":"","metaKeywordsSEO":"","pageTitleSEO":"","pageUriSEO":"team","hidePage":false,"isMobileLandingPage":false,"underConstruction":false,"tpaApplicationId":0,"pageSecurity":{"requireLogin":false,"passwordDigest":"","dialogLanguage":""},"isPopup":false,"indexable":true,"isLandingPage":false,"pageBackgrounds":{"desktop":{"custom":true,"isPreset":true},"mobile":{"custom":true,"isPreset":true,"mediaSizing":"viewport"}},"translationData":{"uriSEOTranslated":false}},"target":"_self"}}],"link":{"type":"PageLink","id":"dataItem-kfd3v5mo1","metaData":{"isPreset":false,"schemaVersion":"1.0","isHidden":false},"pageId":{"type":"Page","id":"kd483","metaData":{"isPreset":false,"schemaVersion":"2.0","isHidden":false},"title":"Ox RECORDS","hideTitle":true,"icon":"","descriptionSEO":"","metaKeywordsSEO":"","pageTitleSEO":"","pageUriSEO":"ox-records","hidePage":false,"isMobileLandingPage":false,"underConstruction":false,"tpaApplicationId":0,"pageSecurity":{"requireLogin":false,"passwordDigest":"","dialogLanguage":""},"isPopup":false,"indexable":true,"isLandingPage":false,"pageBackgrounds":{"desktop":{"custom":true,"isPreset":true},"mobile":{"custom":true,"isPreset":true,"mediaSizing":"viewport"}},"translationData":{"uriSEOTranslated":false}},"target":"_self"}},{"type":"BasicMenuItem","id":"dataItem-jxlgf9kk","metaData":{"isPreset":false,"schemaVersion":"1.0","isHidden":false},"label":"My Account","isVisible":false,"isVisibleMobile":false,"items":[],"link":{"type":"PageLink","id":"dataItem-jxlgf9kk1","metaData":{"isPreset":false,"schemaVersion":"1.0","isHidden":false},"pageId":{"type":"Page","id":"vltnn","metaData":{"isPreset":false,"schemaVersion":"2.0","isHidden":false},"title":"My Account","hideTitle":true,"icon":"","descriptionSEO":"","metaKeywordsSEO":"","pageTitleSEO":"","pageUriSEO":"my-account","hidePage":true,"isMobileLandingPage":false,"underConstruction":false,"tpaApplicationId":4913,"managingAppDefId":"14cc59bc-f0b7-15b8-e1c7-89ce41d0e0c9","tpaPageId":"member_info","pageSecurity":{"requireLogin":true},"isPopup":false,"indexable":false,"isLandingPage":false,"pageBackgrounds":{"desktop":{"custom":true,"isPreset":true},"mobile":{"custom":true,"isPreset":true,"mediaSizing":"viewport"}},"translationData":{"uriSEOTranslated":false}},"target":"_self"}}],"syncWithPages":false},"menuDataNew":{"type":"CustomMenu","id":"CUSTOM_MAIN_MENU","metaData":{"isPreset":false,"schemaVersion":"1.0","isHidden":false},"name":"Custom Main Menu","items":[{"type":"BasicMenuItem","id":"bmi23nr","metaData":{"isPreset":false,"schemaVersion":"1.0","isHidden":false},"label":"HOME","isVisible":true,"isVisibleMobile":true,"items":[],"link":{"type":"PageLink","id":"1fti","metaData":{"isPreset":false,"schemaVersion":"1.0","isHidden":false},"pageId":{"type":"Page","id":"c1dmp","metaData":{"isPreset":false,"schemaVersion":"2.0","isHidden":false},"title":"HOME","hideTitle":true,"icon":"","descriptionSEO":"","metaKeywordsSEO":"","pageTitleSEO":"Oxford Recording Society","pageUriSEO":"home","hidePage":false,"isMobileLandingPage":false,"underConstruction":false,"tpaApplicationId":0,"pageSecurity":{"requireLogin":false},"isPopup":false,"indexable":true,"isLandingPage":false,"pageBackgrounds":{"desktop":{"custom":true,"isPreset":true},"mobile":{"custom":true,"isPreset":true,"mediaSizing":"viewport"}},"translationData":{"uriSEOTranslated":false},"ignoreBottomBottomAnchors":true,"advancedSeoData":"{\"tags\":[{\"type\":\"title\",\"children\":\"Oxford Recording Society\"}]}"},"target":"_self"}},{"type":"BasicMenuItem","id":"dataItem-kfh2kmor","metaData":{"isPreset":false,"schemaVersion":"1.0","isHidden":false},"label":"Join","isVisible":false,"isVisibleMobile":false,"items":[],"link":{"type":"PageLink","id":"dataItem-kfh2kmor1","metaData":{"isPreset":false,"schemaVersion":"1.0","isHidden":false},"pageId":{"type":"Page","id":"rplc2","metaData":{"isPreset":false,"schemaVersion":"2.0","isHidden":false},"title":"Join","hideTitle":true,"icon":"","descriptionSEO":"","metaKeywordsSEO":"","pageTitleSEO":"Join | ORS","pageUriSEO":"join","hidePage":true,"isMobileLandingPage":false,"underConstruction":false,"tpaApplicationId":0,"pageSecurity":{"requireLogin":false,"passwordDigest":"","dialogLanguage":""},"isPopup":false,"indexable":true,"isLandingPage":false,"pageBackgrounds":{"desktop":{"custom":true,"isPreset":true},"mobile":{"custom":true,"isPreset":true,"mediaSizing":"viewport"}},"translationData":{"uriSEOTranslated":false},"advancedSeoData":"{\"tags\":[{\"type\":\"title\",\"children\":\"Join | ORS\"}]}"},"target":"_self"}},{"type":"BasicMenuItem","id":"dataItem-ixu58wve","metaData":{"isPreset":false,"schemaVersion":"1.0","isHidden":false},"label":"COMMITTEE","isVisible":true,"isVisibleMobile":true,"items":[],"link":{"type":"PageLink","id":"dataItem-ixu58wve1","metaData":{"isPreset":false,"schemaVersion":"1.0","isHidden":false},"pageId":{"type":"Page","id":"ke69o","metaData":{"isPreset":false,"schemaVersion":"2.0","isHidden":false},"title":"COMMITTEE","hideTitle":true,"icon":"","descriptionSEO":"","metaKeywordsSEO":"","pageTitleSEO":"Committee | ORS","pageUriSEO":"committee","hidePage":false,"isMobileLandingPage":false,"underConstruction":false,"tpaApplicationId":0,"pageSecurity":{"requireLogin":false,"passwordDigest":"","dialogLanguage":""},"isPopup":false,"indexable":true,"isLandingPage":false,"pageBackgrounds":{"desktop":{"custom":true,"isPreset":true},"mobile":{"custom":true,"isPreset":true,"mediaSizing":"viewport"}},"translationData":{"uriSEOTranslated":false},"advancedSeoData":"{\"tags\":[{\"type\":\"title\",\"children\":\"Committee | ORS\"}]}"},"target":"_self"}},{"type":"BasicMenuItem","id":"dataItem-ixu59qz6","metaData":{"isPreset":false,"schemaVersion":"1.0","isHidden":false},"label":"TERM CARD","isVisible":true,"isVisibleMobile":true,"items":[],"link":{"type":"PageLink","id":"dataItem-ixu59qz61","metaData":{"isPreset":false,"schemaVersion":"1.0","isHidden":false},"pageId":{"type":"Page","id":"sr3by","metaData":{"isPreset":false,"schemaVersion":"2.0","isHidden":false},"title":"TERM CARD","hideTitle":true,"icon":"","descriptionSEO":"","metaKeywordsSEO":"","pageTitleSEO":"Term Card | ORS","pageUriSEO":"termcard","hidePage":false,"isMobileLandingPage":false,"underConstruction":false,"tpaApplicationId":0,"pageSecurity":{"requireLogin":false,"passwordDigest":"","dialogLanguage":""},"isPopup":false,"indexable":true,"isLandingPage":false,"pageBackgrounds":{"desktop":{"custom":true,"isPreset":true},"mobile":{"custom":true,"isPreset":true,"mediaSizing":"viewport"}},"translationData":{"uriSEOTranslated":false},"advancedSeoData":"{\"tags\":[{\"type\":\"title\",\"children\":\"Term Card | ORS\"}]}"},"target":"_self"}},{"type":"BasicMenuItem","id":"dataItem-kfd3v5mo","metaData":{"isPreset":false,"schemaVersion":"1.0","isHidden":false},"label":"Ox RECORDS","isVisible":true,"isVisibleMobile":true,"items":[{"type":"BasicMenuItem","id":"dataItem-kfh1zavy","metaData":{"isPreset":false,"schemaVersion":"1.0","isHidden":false},"label":"About","isVisible":true,"isVisibleMobile":true,"items":[],"link":{"type":"PageLink","id":"dataItem-kfh1zavy1","metaData":{"isPreset":false,"schemaVersion":"1.0","isHidden":false},"pageId":{"type":"Page","id":"jjt4c","metaData":{"isPreset":false,"schemaVersion":"2.0","isHidden":false},"title":"About","hideTitle":true,"icon":"","descriptionSEO":"","metaKeywordsSEO":"","pageTitleSEO":"","pageUriSEO":"about","hidePage":false,"isMobileLandingPage":false,"underConstruction":false,"tpaApplicationId":0,"pageSecurity":{"requireLogin":false,"passwordDigest":"","dialogLanguage":""},"isPopup":false,"indexable":true,"isLandingPage":false,"pageBackgrounds":{"desktop":{"custom":true,"isPreset":true},"mobile":{"custom":true,"isPreset":true,"mediaSizing":"viewport"}},"translationData":{"uriSEOTranslated":false}},"target":"_self"}},{"type":"BasicMenuItem","id":"dataItem-kfh1wpj81","metaData":{"isPreset":false,"schemaVersion":"1.0","isHidden":false},"label":"Releases","isVisible":true,"isVisibleMobile":true,"items":[],"link":{"type":"PageLink","id":"dataItem-kfh1wpj82","metaData":{"isPreset":false,"schemaVersion":"1.0","isHidden":false},"pageId":{"type":"Page","id":"r3b0l","metaData":{"isPreset":false,"schemaVersion":"2.0","isHidden":false},"title":"Releases","hideTitle":true,"icon":"","descriptionSEO":"","metaKeywordsSEO":"","pageTitleSEO":"","pageUriSEO":"releases","hidePage":false,"isMobileLandingPage":false,"underConstruction":false,"tpaApplicationId":0,"pageSecurity":{"requireLogin":false,"passwordDigest":"","dialogLanguage":""},"isPopup":false,"indexable":true,"isLandingPage":false,"pageBackgrounds":{"desktop":{"custom":true,"isPreset":true},"mobile":{"custom":true,"isPreset":true,"mediaSizing":"viewport"}},"translationData":{"uriSEOTranslated":false}},"target":"_self"}},{"type":"BasicMenuItem","id":"dataItem-kfh1wavu","metaData":{"isPreset":false,"schemaVersion":"1.0","isHidden":false},"label":"Artists","isVisible":true,"isVisibleMobile":true,"items":[],"link":{"type":"PageLink","id":"dataItem-kfh1wavu1","metaData":{"isPreset":false,"schemaVersion":"1.0","isHidden":false},"pageId":{"type":"Page","id":"itcrw","metaData":{"isPreset":false,"schemaVersion":"2.0","isHidden":false},"title":"Artists","hideTitle":true,"icon":"","descriptionSEO":"","metaKeywordsSEO":"","pageTitleSEO":"","pageUriSEO":"artists","hidePage":false,"isMobileLandingPage":false,"underConstruction":false,"tpaApplicationId":0,"pageSecurity":{"requireLogin":false,"passwordDigest":"","dialogLanguage":""},"isPopup":false,"indexable":true,"isLandingPage":false,"pageBackgrounds":{"desktop":{"custom":true,"isPreset":true},"mobile":{"custom":true,"isPreset":true,"mediaSizing":"viewport"}},"translationData":{"uriSEOTranslated":false}},"target":"_self"}},{"type":"BasicMenuItem","id":"dataItem-kfh1zgom","metaData":{"isPreset":false,"schemaVersion":"1.0","isHidden":false},"label":"Team","isVisible":true,"isVisibleMobile":true,"items":[],"link":{"type":"PageLink","id":"dataItem-kfh1zgom1","metaData":{"isPreset":false,"schemaVersion":"1.0","isHidden":false},"pageId":{"type":"Page","id":"reiv1","metaData":{"isPreset":false,"schemaVersion":"2.0","isHidden":false},"title":"Team","hideTitle":true,"icon":"","descriptionSEO":"","metaKeywordsSEO":"","pageTitleSEO":"","pageUriSEO":"team","hidePage":false,"isMobileLandingPage":false,"underConstruction":false,"tpaApplicationId":0,"pageSecurity":{"requireLogin":false,"passwordDigest":"","dialogLanguage":""},"isPopup":false,"indexable":true,"isLandingPage":false,"pageBackgrounds":{"desktop":{"custom":true,"isPreset":true},"mobile":{"custom":true,"isPreset":true,"mediaSizing":"viewport"}},"translationData":{"uriSEOTranslated":false}},"target":"_self"}}],"link":{"type":"PageLink","id":"dataItem-kfd3v5mo1","metaData":{"isPreset":false,"schemaVersion":"1.0","isHidden":false},"pageId":{"type":"Page","id":"kd483","metaData":{"isPreset":false,"schemaVersion":"2.0","isHidden":false},"title":"Ox RECORDS","hideTitle":true,"icon":"","descriptionSEO":"","metaKeywordsSEO":"","pageTitleSEO":"","pageUriSEO":"ox-records","hidePage":false,"isMobileLandingPage":false,"underConstruction":false,"tpaApplicationId":0,"pageSecurity":{"requireLogin":false,"passwordDigest":"","dialogLanguage":""},"isPopup":false,"indexable":true,"isLandingPage":false,"pageBackgrounds":{"desktop":{"custom":true,"isPreset":true},"mobile":{"custom":true,"isPreset":true,"mediaSizing":"viewport"}},"translationData":{"uriSEOTranslated":false}},"target":"_self"}},{"type":"BasicMenuItem","id":"dataItem-jxlgf9kk","metaData":{"isPreset":false,"schemaVersion":"1.0","isHidden":false},"label":"My Account","isVisible":false,"isVisibleMobile":false,"items":[],"link":{"type":"PageLink","id":"dataItem-jxlgf9kk1","metaData":{"isPreset":false,"schemaVersion":"1.0","isHidden":false},"pageId":{"type":"Page","id":"vltnn","metaData":{"isPreset":false,"schemaVersion":"2.0","isHidden":false},"title":"My Account","hideTitle":true,"icon":"","descriptionSEO":"","metaKeywordsSEO":"","pageTitleSEO":"","pageUriSEO":"my-account","hidePage":true,"isMobileLandingPage":false,"underConstruction":false,"tpaApplicationId":4913,"managingAppDefId":"14cc59bc-f0b7-15b8-e1c7-89ce41d0e0c9","tpaPageId":"member_info","pageSecurity":{"requireLogin":true},"isPopup":false,"indexable":false,"isLandingPage":false,"pageBackgrounds":{"desktop":{"custom":true,"isPreset":true},"mobile":{"custom":true,"isPreset":true,"mediaSizing":"viewport"}},"translationData":{"uriSEOTranslated":false}},"target":"_self"}}],"syncWithPages":false},"masterPageTpaComps":{"comp-jxlgf9qa":{"style":{"colors":{"text-color-primary":{"themeName":"color_15","value":"rgba(255,255,255,1)"},"border-color":{"themeName":"color_18","value":"rgba(254,2,96,1)"},"box-color":{"themeName":"color_11","value":"rgba(0,0,0,1)"},"button-opacity-and-color":{"themeName":"color_18","value":"rgba(254,2,96,1)"}},"numbers":{},"booleans":{},"fonts":{"button-font":{"family":"avenir-lt-w01_35-light1475496","displayName":"Paragraph 2","style":{"bold":false,"italic":false,"underline":false},"size":14,"preset":"Custom","editorKey":"font_8","fontStyleParam":true,"value":"font:normal normal normal 14px/17px avenir-lt-w01_35-light1475496,sans-serif;"},"text-primary-font":{"family":"avenir-lt-w01_35-light1475496","displayName":"Paragraph 2","style":{"bold":false,"italic":false,"underline":false},"size":16,"preset":"Custom","editorKey":"font_8","fontStyleParam":true,"value":"font:normal normal normal 16px/20px avenir-lt-w01_35-light1475496,sans-serif;"}},"googleFontsCssUrl":"","uploadFontFaces":""},"applicationId":"5840","widgetId":"14cefc05-d163-dbb7-e4ec-cd4f2c4d6ddd","appDefinitionId":"14ce28f7-7eb0-3745-22f8-074b0e2401fb","isGluedWidget":false,"isSection":false,"isOOI":false,"isPinned":false,"styleId":"style-jxlhl3f6","width":250,"height":186,"isResponsive":false}}}}},"props":{"render":{"compProps":{"masterPage":{"classNames":{"meshLayout":"mesh-layout"}},"SITE_HEADER":{"skin":"TransparentScreen","meshProps":{"wedges":[],"rotatedComponents":[],"fixedComponents":[],"experimentOpen":false},"animations":[]},"SITE_FOOTER":{"skin":"TransparentScreen","meshProps":{"wedges":[],"rotatedComponents":[],"fixedComponents":[],"experimentOpen":false}},"SOSP_CONTAINER_CUSTOM_ID":{"wedges":[],"rotatedComponents":[],"meshProps":{"wedges":[],"rotatedComponents":[],"fixedComponents":[],"experimentOpen":false},"hasHoverInteraction":false},"comp-kfd29a1w":{"uri":"aa55a5_0e706196190740e19f843472e4d25105~mv2.png","alt":"Asset 4.png","name":"Asset 4.png","width":524,"height":524,"title":"","containerId":"comp-kfd29a1w","hasBgScrollEffect":"","bgEffectName":"","displayMode":"fill","crop":null,"onClickBehavior":"goToLink"},"comp-j0b5pjyl":{"skin":"TextOnlyMenuButtonSkin","items":[{"label":"HOME","link":{"href":"./","target":"_self"},"id":"bmi23nr"},{"label":"COMMITTEE","link":{"href":"./committee","target":"_self"},"id":"dataItem-ixu58wve"},{"label":"TERM CARD","link":{"href":"./termcard","target":"_self"},"id":"dataItem-ixu59qz6"},{"label":"Ox RECORDS","link":{"href":"./ox-records","target":"_self"},"id":"dataItem-kfd3v5mo","items":[{"label":"About","link":{"href":"./about","target":"_self"},"id":"dataItem-kfh1zavy"},{"label":"Releases","link":{"href":"./releases","target":"_self"},"id":"dataItem-kfh1wpj81"},{"label":"Artists","link":{"href":"./artists","target":"_self"},"id":"dataItem-kfh1wavu"},{"label":"Team","link":{"href":"./team","target":"_self"},"id":"dataItem-kfh1zgom"}]}],"alignText":"center","skinExports":{"menuBorderY":0,"menuBtnBorder":0,"ribbonEls":0,"labelPad":0,"ribbonExtra":0},"alignButtons":"left","moreItemHeight":15,"moreButtonLabel":"More","rtl":false,"sameWidthButtons":false,"marginAllChildren":true,"stretchButtonsToMenuWidth":false,"isTouchDevice":false},"comp-ixt5awz6":{"images":[{"uri":"81af6121f84c41a5b4391d7d37fce12a.png","alt":"White Instagram Icon","width":200,"height":200,"title":"White Instagram Icon","containerId":"dataItem-ixt5clsz1-comp-ixt5awz6","hasBgScrollEffect":"","bgEffectName":"","displayMode":"fill","link":{"href":"https://www.instagram.com/oxquarantunes/","target":"_blank","rel":"noopener"}},{"uri":"23fd2a2be53141ed810f4d3dcdcd01fa.png","alt":"White Facebook Icon","width":200,"height":200,"title":"White Facebook Icon","containerId":"dataItem-ixt5clsz2-comp-ixt5awz6","hasBgScrollEffect":"","bgEffectName":"","displayMode":"fill","link":{"href":"https://www.facebook.com/oxquarantunes","target":"_blank","rel":"noopener"}},{"uri":"01ab6619093f45388d66736ec22e5885.png","alt":"Twitter","width":200,"height":200,"title":"Twitter","containerId":"dataItem-kfh1jvc7-comp-ixt5awz6","hasBgScrollEffect":"","bgEffectName":"","displayMode":"fill","link":{"href":"https://twitter.com/oxfordrecsoc","target":"_blank","rel":"noopener"}},{"uri":"203dcdc2ac8b48de89313f90d2a4cda1.png","alt":"White YouTube Icon","width":200,"height":200,"title":"White YouTube Icon","containerId":"dataItem-ixt5clsz3-comp-ixt5awz6","hasBgScrollEffect":"","bgEffectName":"","displayMode":"fill","link":{"href":"http://youtube.com/user/UCU0XDJqXnMwDiI9l-1XMeYg","target":"_blank","rel":"noopener"}}]},"comp-jxlgf8uo":{"skin":"LoginSocialBarSkin","displayMode":"avatarOnly","loggedOutText":"Log In","logOutText":"Log Out","loggedInText":"","iconSize":26,"direction":"ltr","useNativeMenu":false,"menuItems":[{"label":"My Account","link":{"href":"./account/my-account","target":"_self"}}],"iconItems":[],"defaultAvatarSvgContent":"<svg data-bbox=\"0 0 50 50\" data-type=\"shape\" xmlns=\"http://www.w3.org/2000/svg\" width=\"50\" height=\"50\" viewBox=\"0 0 50 50\"><g><path d=\"M25 48.077c-5.924 0-11.31-2.252-15.396-5.921 2.254-5.362 7.492-8.267 15.373-8.267 7.889 0 13.139 3.044 15.408 8.418-4.084 3.659-9.471 5.77-15.385 5.77m.278-35.3c4.927 0 8.611 3.812 8.611 8.878 0 5.21-3.875 9.456-8.611 9.456s-8.611-4.246-8.611-9.456c0-5.066 3.684-8.878 8.611-8.878M25 0C11.193 0 0 11.193 0 25c0 .915.056 1.816.152 2.705.032.295.091.581.133.873.085.589.173 1.176.298 1.751.073.338.169.665.256.997.135.515.273 1.027.439 1.529.114.342.243.675.37 1.01.18.476.369.945.577 1.406.149.331.308.657.472.98.225.446.463.883.714 1.313.182.312.365.619.56.922.272.423.56.832.856 1.237.207.284.41.568.629.841.325.408.671.796 1.02 1.182.22.244.432.494.662.728.405.415.833.801 1.265 1.186.173.154.329.325.507.475l.004-.011A24.886 24.886 0 0 0 25 50a24.881 24.881 0 0 0 16.069-5.861.126.126 0 0 1 .003.01c.172-.144.324-.309.49-.458.442-.392.88-.787 1.293-1.209.228-.232.437-.479.655-.72.352-.389.701-.78 1.028-1.191.218-.272.421-.556.627-.838.297-.405.587-.816.859-1.24a26.104 26.104 0 0 0 1.748-3.216c.208-.461.398-.93.579-1.406.127-.336.256-.669.369-1.012.167-.502.305-1.014.44-1.53.087-.332.183-.659.256-.996.126-.576.214-1.164.299-1.754.042-.292.101-.577.133-.872.095-.89.152-1.791.152-2.707C50 11.193 38.807 0 25 0\"/></g></svg>"},"SITE_PAGES":{"transition":"OutIn","transitionDuration":700},"comp-jxlgf90h":{"skin":"VerticalMenuSolidColorSkin","items":[{"label":"My Account","link":{"href":"./account/my-account","target":"_self"}}],"menuItemHeight":40,"currentPageHref":"","subMenuOpenSide":"right"},"comp-jxlgf9qa":{"id":"comp-jxlgf9qa","applicationId":"5840","widgetId":"14cefc05-d163-dbb7-e4ec-cd4f2c4d6ddd","isAppInClientSpecMap":true,"isViewerMode":true,"isResponsive":false},"BACKGROUND_GROUP":{"transition":"OutIn","transitionDuration":700},"soapAfterPagesContainer":{"meshProps":{"wedges":[],"rotatedComponents":[],"experimentOpen":false},"className":"page-without-sosp"},"SCROLL_TO_TOP":{"name":"top of page"},"SCROLL_TO_BOTTOM":{"name":"bottom of page"}}},"activePopup":{"activePopupObservers":["comp-j0b5pjyl","comp-jxlgf90h"]},"dropdownMenu":{"componentsIds":["comp-j0b5pjyl"]},"imageZoom":{"wPhotoConfig":{"dataItem-kfd29a62":"comp-kfd29a1w"},"imageDataItemIdToCompId":{"dataItem-kfd29a62":"comp-kfd29a1w"},"tpaGalleriesComps":{},"nativeGalleriesComps":{},"imageZoomCompType":"ImageZoom","deviceType":"Desktop"},"loginSocialBar":{"componentIds":["comp-jxlgf8uo"]},"ooiTpaSharedConfig":{},"renderer":{},"scrollToAnchor":{"anchorDataIdToCompIdMap":{},"nicknameToCompIdMap":{},"compsWithCurrentInnerRouteDynamicPageLink":[]},"seoWixCodeSdk":{"description":"","indexPage":false,"ogImage":"","ogImageHeight":"","ogImageWidth":"","pageName":"","title":"","advancedSeoData":""},"siteWixCodeSdk":{"pagesData":{"c1dmp":{"id":"c1dmp","title":"HOME","pageUriSEO":"home","tpaApplicationId":0,"isPopup":false},"rplc2":{"id":"rplc2","title":"Join","pageUriSEO":"join","tpaApplicationId":0,"isPopup":false},"ke69o":{"id":"ke69o","title":"COMMITTEE","pageUriSEO":"committee","tpaApplicationId":0,"isPopup":false},"sr3by":{"id":"sr3by","title":"TERM CARD","pageUriSEO":"termcard","tpaApplicationId":0,"isPopup":false},"kd483":{"id":"kd483","title":"Ox RECORDS","pageUriSEO":"ox-records","tpaApplicationId":0,"isPopup":false},"jjt4c":{"id":"jjt4c","title":"About","pageUriSEO":"about","tpaApplicationId":0,"isPopup":false},"r3b0l":{"id":"r3b0l","title":"Releases","pageUriSEO":"releases","tpaApplicationId":0,"isPopup":false},"itcrw":{"id":"itcrw","title":"Artists","pageUriSEO":"artists","tpaApplicationId":0,"isPopup":false},"reiv1":{"id":"reiv1","title":"Team","pageUriSEO":"team","tpaApplicationId":0,"isPopup":false},"vltnn":{"id":"vltnn","title":"My Account","pageUriSEO":"my-account","tpaPageId":"member_info","tpaApplicationId":4913,"isPopup":false}},"nonPopupsPagesData":[{"id":"c1dmp","title":"HOME","pageUriSEO":"home","tpaApplicationId":0,"isPopup":false},{"id":"rplc2","title":"Join","pageUriSEO":"join","tpaApplicationId":0,"isPopup":false},{"id":"ke69o","title":"COMMITTEE","pageUriSEO":"committee","tpaApplicationId":0,"isPopup":false},{"id":"sr3by","title":"TERM CARD","pageUriSEO":"termcard","tpaApplicationId":0,"isPopup":false},{"id":"kd483","title":"Ox RECORDS","pageUriSEO":"ox-records","tpaApplicationId":0,"isPopup":false},{"id":"jjt4c","title":"About","pageUriSEO":"about","tpaApplicationId":0,"isPopup":false},{"id":"r3b0l","title":"Releases","pageUriSEO":"releases","tpaApplicationId":0,"isPopup":false},{"id":"itcrw","title":"Artists","pageUriSEO":"artists","tpaApplicationId":0,"isPopup":false},{"id":"reiv1","title":"Team","pageUriSEO":"team","tpaApplicationId":0,"isPopup":false},{"id":"vltnn","title":"My Account","pageUriSEO":"my-account","tpaPageId":"member_info","tpaApplicationId":4913,"isPopup":false}],"lightboxes":[]},"sosp":{"compId":"SOSP_CONTAINER_CUSTOM_ID","parentId":"soapAfterPagesContainer","position":1,"pagesToShow":["vltnn"]},"tpa":{"widgets":{"comp-jxlgf9qa":{"style":{"colors":{"text-color-primary":{"themeName":"color_15","value":"rgba(255,255,255,1)"},"border-color":{"themeName":"color_18","value":"rgba(254,2,96,1)"},"box-color":{"themeName":"color_11","value":"rgba(0,0,0,1)"},"button-opacity-and-color":{"themeName":"color_18","value":"rgba(254,2,96,1)"}},"numbers":{},"booleans":{},"fonts":{"button-font":{"family":"avenir-lt-w01_35-light1475496","displayName":"Paragraph 2","style":{"bold":false,"italic":false,"underline":false},"size":14,"preset":"Custom","editorKey":"font_8","fontStyleParam":true,"value":"font:normal normal normal 14px/17px avenir-lt-w01_35-light1475496,sans-serif;"},"text-primary-font":{"family":"avenir-lt-w01_35-light1475496","displayName":"Paragraph 2","style":{"bold":false,"italic":false,"underline":false},"size":16,"preset":"Custom","editorKey":"font_8","fontStyleParam":true,"value":"font:normal normal normal 16px/20px avenir-lt-w01_35-light1475496,sans-serif;"}},"googleFontsCssUrl":"","uploadFontFaces":""},"applicationId":"5840","widgetId":"14cefc05-d163-dbb7-e4ec-cd4f2c4d6ddd","appDefinitionId":"14ce28f7-7eb0-3745-22f8-074b0e2401fb","isGluedWidget":false,"isSection":false,"isOOI":false,"isPinned":false,"styleId":"style-jxlhl3f6","width":250,"height":186,"isResponsive":false}},"tpaGalleriesImageItems":{},"tpaSectionIds":[],"pageId":"masterPage","tpaInnerRouteConfig":{},"appPublicData":{"5840":{}},"isFixedHeader":false},"verticalMenu":{"componentsIds":["comp-jxlgf90h"]},"windowWixCodeSdk":{"popupNameToPageId":{},"pageId":"masterPage"}}}