{"structure":{"components":{"rplc2":{"components":["Containerrplc2"],"componentType":"Page","uiType":"TransparentPageSkin"},"comp-kfyqi9oo":{"componentType":"WRichText"},"comp-kfyqit49":{"componentType":"FiveGridLine"},"comp-kfyr2jtw":{"componentType":"WRichText"},"comp-kfyqxsci":{"componentType":"HtmlComponent"},"comp-kfyqkdcp":{"componentType":"WRichText"},"comp-kfyr4qbw":{"componentType":"SiteButton","uiType":"BasicButton"},"pageBackground_rplc2":{"componentType":"PageBackground"},"Containerrplc2":{"components":["comp-kfyqi9oo","comp-kfyqit49","comp-kfyr2jtw","comp-kfyqxsci","comp-kfyqkdcp","comp-kfyr4qbw"],"componentType":"Group"}},"features":["animations","backgroundScrub","businessLogger","clickHandlerRegistrar","pageTransitions","renderer","reporter","scrollRestoration","scrollToAnchor","seo","windowScroll","wixEmbedsApi"],"siteFeaturesConfigs":null},"props":{"render":{"compProps":{"comp-kfyqi9oo":{"html":"<h2 class=\"font_2\" style=\"font-size:130px; line-height:0.93em; text-align:center\"><span style=\"font-size:130px\">JOIN</span></h2>","skin":"WRichTextNewSkin"},"comp-kfyqit49":{"skin":"SolidLine"},"comp-kfyr2jtw":{"html":"<p class=\"font_8\" style=\"font-size:15px; text-align:justify\"><span style=\"font-size:15px\"><span style=\"font-weight:bold\"><span style=\"color:#000000\"><span style=\"font-family:futura-lt-w01-light,sans-serif\"><span class=\"backcolor_15\">The Oxford Recording Society will be launching soon so join our mailing list and facebook group, we will be posting updates and details as we launch, and everyone in our facebook group and mailing list will get to be the first official members of the ORS.</span></span></span></span></span></p>\n\n<p class=\"font_8\" style=\"font-size:15px; text-align:justify\"><span style=\"font-size:15px\"><span style=\"font-weight:bold\"><span style=\"color:#000000\"><span style=\"font-family:futura-lt-w01-light,sans-serif\"><span class=\"wixGuard\">​</span></span></span></span></span></p>\n\n<p class=\"font_8\" style=\"font-size:15px; text-align:justify\"><span style=\"font-size:15px\"><span style=\"font-weight:bold\"><span style=\"color:#000000\"><span style=\"font-family:futura-lt-w01-light,sans-serif\"><span class=\"backcolor_15\">Please fill out the form below to join the Oxford Recording Society mailing list <span style=\"text-decoration:underline\">(please log in with your oxford email)</span>:</span></span></span></span></span></p>\n\n<p class=\"font_8\" style=\"font-size:15px; text-align:justify\"><span style=\"font-size:15px\"><span style=\"font-weight:bold\"><span style=\"color:#000000\"><span style=\"font-family:futura-lt-w01-light,sans-serif\"><span class=\"wixGuard\">​</span></span></span></span></span></p>\n\n<p class=\"font_8\" style=\"font-size:15px; text-align:justify\"><span style=\"font-size:15px\"><span style=\"font-weight:bold\"><span style=\"color:#000000\"><span style=\"font-family:futura-lt-w01-light,sans-serif\"><span class=\"wixGuard\">​</span></span></span></span></span></p>","skin":"WRichTextNewSkin"},"comp-kfyqxsci":{"url":"https://www-oxfordrecordingsoc-com.filesusr.com/html/aa55a5_424e6c52fc04159347673ec30586d1c2.html"},"comp-kfyqkdcp":{"html":"<p class=\"font_8\" style=\"font-size:15px; text-align:justify\"><span style=\"background-color:rgb(255, 255, 255); color:rgb(0, 0, 0); font-family:futura-lt-w01-light,sans-serif; font-weight:700\">We also have a facebook group that you can join for more updates and to meet other musical people interested in the ORS, and if you follow our social media (OxQuarantunes, links in the top right of the page) we will post lots of updates there!</span></p>\n\n<p class=\"font_8\" style=\"font-size:15px; text-align:justify\"><span style=\"background-color:rgb(255, 255, 255); color:rgb(0, 0, 0); font-family:futura-lt-w01-light,sans-serif; font-weight:700\"><span class=\"wixGuard\">​</span></span></p>\n\n<p class=\"font_8\" style=\"font-size:15px; text-align:justify\"><span style=\"background-color:rgb(255, 255, 255); color:rgb(0, 0, 0); font-family:futura-lt-w01-light,sans-serif; font-weight:700\"><span class=\"wixGuard\">​</span></span></p>\n\n<p class=\"font_8\" style=\"font-size:15px; text-align:justify\"><span style=\"background-color:rgb(255, 255, 255); color:rgb(0, 0, 0); font-family:futura-lt-w01-light,sans-serif; font-weight:700\"><span class=\"wixGuard\">​</span></span></p>\n\n<p class=\"font_8\" style=\"font-size:15px; text-align:justify\"><span style=\"background-color:rgb(255, 255, 255); color:rgb(0, 0, 0); font-family:futura-lt-w01-light,sans-serif; font-weight:700\"><span class=\"wixGuard\">​</span></span></p>\n\n<p class=\"font_8\" style=\"font-size:15px; text-align:justify\"><span style=\"background-color:rgb(255, 255, 255); color:rgb(0, 0, 0); font-family:futura-lt-w01-light,sans-serif; font-weight:700\"><span class=\"wixGuard\">​</span></span></p>\n\n<p class=\"font_8\" style=\"font-size:15px; text-align:justify\"><span style=\"font-size:15px\"><span style=\"font-weight:bold\"><span style=\"color:#000000\"><span style=\"font-family:futura-lt-w01-light,sans-serif\"><span class=\"wixGuard\">​</span></span></span></span></span></p>","skin":"WRichTextNewSkin"},"comp-kfyr4qbw":{"label":"Join our facebook group","skin":"BasicButton","link":{"href":"https://www.facebook.com/groups/oxfordmusicrecording","target":"_blank","rel":"noopener"},"hasPlatformClickHandler":false,"classNames":{"desktop":"desktop"}},"pageBackground_rplc2":{"fillLayers":{"containerId":"pageBackground_rplc2","image":{"uri":"aa55a5_7050cf9348af4888badce676a232c658~mv2.jpg","alt":"","width":3000,"height":1688,"title":"bg4.jpg","containerId":"pageBackground_rplc2","hasBgScrollEffect":"","bgEffectName":"","alignType":"center","displayMode":"fill"}},"isMediaPositionOverride":false},"Containerrplc2":{"meshProps":{"wedges":[],"rotatedComponents":[],"fixedComponents":[],"experimentOpen":false}}}},"backgroundScrub":{"scrubSequencesParams":{"pageBackground_rplc2_SiteBackgroundParallax":{"compId":"pageBackground_rplc2","targetElementSelector":"img_pageBackground_rplc2","extraAnimationSelectors":{},"animationName":"SiteBackgroundParallax","duration":1,"delay":0}}},"pageTransitions":{"pageBackground":{"type":"BackgroundMedia","id":"rplc2_desktop_bg","metaData":{"isPreset":false,"schemaVersion":"2.0","isHidden":false},"mediaRef":{"type":"Image","id":"rplc2_desktop_mediaRef","metaData":{"isPreset":false,"schemaVersion":"2.0","isHidden":false},"title":"bg4.jpg","uri":"aa55a5_7050cf9348af4888badce676a232c658~mv2.jpg","description":"private","width":3000,"height":1688,"alt":"","artist":{"id":"","name":""}},"color":"{color_18}","alignType":"center","fittingType":"fill","scrollType":"parallax","colorOverlay":"","colorOverlayOpacity":0}},"renderer":{},"scrollToAnchor":{"anchorDataIdToCompIdMap":{},"nicknameToCompIdMap":{"page1":"rplc2","text1":"comp-kfyqi9oo","line1":"comp-kfyqit49","text2":"comp-kfyr2jtw","html1":"comp-kfyqxsci","text3":"comp-kfyqkdcp","button5":"comp-kfyr4qbw"},"compsWithCurrentInnerRouteDynamicPageLink":[]},"seo":{"description":"","indexPage":true,"ogImage":"","ogImageHeight":"","ogImageWidth":"","pageName":"Join","title":"Join | ORS","advancedSeoData":"{\"tags\":[{\"type\":\"title\",\"children\":\"Join | ORS\"}]}"}}}