{"structure":{"components":{"ke69o":{"components":["Containerke69o"],"componentType":"Page","uiType":"TransparentPageSkin"},"comp-iy2ot1r6":{"componentType":"WRichText"},"comp-kfwwjq16":{"components":["comp-kfwwjq5t"],"componentType":"StripColumnsContainer"},"comp-kfwx1c0c":{"components":["comp-kfwx1c4y","comp-kfwx1c5a"],"componentType":"HoverBox"},"comp-khfnv5w5":{"components":["comp-khfnv5yw","comp-khfnv5z51"],"componentType":"HoverBox"},"comp-kfwx3sa9":{"components":["comp-kfwx3sf5","comp-kfwx3sfd","comp-kfwxz8na","comp-kfwxz8mc","comp-kfwxz8lc"],"componentType":"HoverBox"},"comp-kfwx6srb":{"components":["comp-kfwx6svd","comp-kfwx6svk","comp-kfwy3nlh","comp-kfwy3nk1","comp-kfwy3nis"],"componentType":"HoverBox"},"comp-kfwx7na7":{"components":["comp-kfwx7njr","comp-kfwx7njv","comp-kfwyfbno","comp-kfwyfbr5","comp-kfwyfbpc"],"componentType":"HoverBox"},"comp-kfwx7nav":{"components":["comp-kfwx7nn31","comp-kfwx7nn6","comp-kfwyngmu","comp-kfwyngo2","comp-kfwyngox"],"componentType":"HoverBox"},"comp-kfwxkb5n":{"components":["comp-kfwxkba6","comp-kfwxkbac","comp-kfwytfhw","comp-kfwytfmj","comp-kfwytfkg"],"componentType":"HoverBox"},"comp-kfwx7n9o":{"components":["comp-kfwx7ngv","comp-kfwx7nh1","comp-kfwy9r5x","comp-kfwy9r4z","comp-kfwy9r3h"],"componentType":"HoverBox"},"comp-khgfvhci":{"components":["comp-khgfvhe1","comp-khgfvhe3","comp-khgfvhe4","comp-khgfvhe7","comp-khgfvhe91"],"componentType":"HoverBox"},"comp-khgfu6e6":{"componentType":"SiteButton","uiType":"BasicButton"},"comp-kfwwjq5t":{"components":["comp-kfwwjq60","comp-kfwwjq6e","comp-khgfybom"],"componentType":"Column"},"comp-kfwx1c4y":{"componentType":"WRichText"},"comp-kfwx1c5a":{"componentType":"WRichText"},"comp-khfnv5yw":{"componentType":"WRichText"},"comp-khfnv5z51":{"componentType":"WRichText"},"comp-kfwx3sf5":{"componentType":"WRichText"},"comp-kfwx3sfd":{"componentType":"WRichText"},"comp-kfwxz8na":{"componentType":"WRichText"},"comp-kfwxz8mc":{"componentType":"WRichText"},"comp-kfwxz8lc":{"componentType":"WRichText"},"comp-kfwx6svd":{"componentType":"WRichText"},"comp-kfwx6svk":{"componentType":"WRichText"},"comp-kfwy3nlh":{"componentType":"WRichText"},"comp-kfwy3nk1":{"componentType":"WRichText"},"comp-kfwy3nis":{"componentType":"WRichText"},"comp-kfwx7njr":{"componentType":"WRichText"},"comp-kfwx7njv":{"componentType":"WRichText"},"comp-kfwyfbno":{"componentType":"WRichText"},"comp-kfwyfbr5":{"componentType":"WRichText"},"comp-kfwyfbpc":{"componentType":"WRichText"},"comp-kfwx7nn31":{"componentType":"WRichText"},"comp-kfwx7nn6":{"componentType":"WRichText"},"comp-kfwyngmu":{"componentType":"WRichText"},"comp-kfwyngo2":{"componentType":"WRichText"},"comp-kfwyngox":{"componentType":"WRichText"},"comp-kfwxkba6":{"componentType":"WRichText"},"comp-kfwxkbac":{"componentType":"WRichText"},"comp-kfwytfhw":{"componentType":"WRichText"},"comp-kfwytfmj":{"componentType":"WRichText"},"comp-kfwytfkg":{"componentType":"WRichText"},"comp-kfwx7ngv":{"componentType":"WRichText"},"comp-kfwx7nh1":{"componentType":"WRichText"},"comp-kfwy9r5x":{"componentType":"WRichText"},"comp-kfwy9r4z":{"componentType":"WRichText"},"comp-kfwy9r3h":{"componentType":"WRichText"},"comp-khgfvhe1":{"componentType":"WRichText"},"comp-khgfvhe3":{"componentType":"WRichText"},"comp-khgfvhe4":{"componentType":"WRichText"},"comp-khgfvhe7":{"componentType":"WRichText"},"comp-khgfvhe91":{"componentType":"WRichText"},"comp-kfwwjq60":{"componentType":"WRichText"},"comp-kfwwjq6e":{"componentType":"WRichText"},"comp-khgfybom":{"componentType":"SiteButton","uiType":"BasicButton"},"pageBackground_ke69o":{"componentType":"PageBackground"},"Containerke69o":{"components":["comp-iy2ot1r6","comp-kfwwjq16","comp-kfwx1c0c","comp-khfnv5w5","comp-kfwx3sa9","comp-kfwx6srb","comp-kfwx7na7","comp-kfwx7nav","comp-kfwxkb5n","comp-kfwx7n9o","comp-khgfvhci","comp-khgfu6e6"],"componentType":"Group"},"comp-kfwx1c0c:hover":{"components":["comp-kfwx1c4y","comp-kfwx1c5a"],"componentType":"HoverBox"},"comp-khfnv5w5:hover":{"components":["comp-khfnv5yw","comp-khfnv5z51"],"componentType":"HoverBox"},"comp-kfwx3sa9:hover":{"components":["comp-kfwx3sf5","comp-kfwx3sfd","comp-kfwxz8na","comp-kfwxz8mc","comp-kfwxz8lc"],"componentType":"HoverBox"},"comp-kfwx6srb:hover":{"components":["comp-kfwx6svd","comp-kfwx6svk","comp-kfwy3nlh","comp-kfwy3nk1","comp-kfwy3nis"],"componentType":"HoverBox"},"comp-kfwx7na7:hover":{"components":["comp-kfwx7njr","comp-kfwx7njv","comp-kfwyfbno","comp-kfwyfbr5","comp-kfwyfbpc"],"componentType":"HoverBox"},"comp-kfwx7nav:hover":{"components":["comp-kfwx7nn31","comp-kfwx7nn6","comp-kfwyngmu","comp-kfwyngo2","comp-kfwyngox"],"componentType":"HoverBox"},"comp-kfwxkb5n:hover":{"components":["comp-kfwxkba6","comp-kfwxkbac","comp-kfwytfhw","comp-kfwytfmj","comp-kfwytfkg"],"componentType":"HoverBox"},"comp-kfwx7n9o:hover":{"components":["comp-kfwx7ngv","comp-kfwx7nh1","comp-kfwy9r5x","comp-kfwy9r4z","comp-kfwy9r3h"],"componentType":"HoverBox"},"comp-khgfvhci:hover":{"components":["comp-khgfvhe1","comp-khgfvhe3","comp-khgfvhe4","comp-khgfvhe7","comp-khgfvhe91"],"componentType":"HoverBox"}},"features":["animations","businessLogger","clickHandlerRegistrar","hoverBox","pageTransitions","renderer","reporter","scrollRestoration","scrollToAnchor","seo","windowScroll","wixEmbedsApi"],"siteFeaturesConfigs":null},"props":{"render":{"compProps":{"comp-iy2ot1r6":{"html":"<h2 class=\"font_2\" style=\"font-size:130px; line-height:0.93em; text-align:center\"><span style=\"font-size:130px\">COMMITTEE</span></h2>","skin":"WRichTextNewSkin"},"comp-kfwwjq16":{"fillLayers":{"containerId":"comp-kfwwjq16"}},"comp-kfwx1c0c":{"fillLayers":{"containerId":"comp-kfwx1c0c"},"meshProps":{"wedges":[],"rotatedComponents":[],"experimentOpen":false},"hasHoverInteraction":false},"comp-khfnv5w5":{"fillLayers":{"containerId":"comp-khfnv5w5"},"meshProps":{"wedges":[],"rotatedComponents":[],"experimentOpen":false},"hasHoverInteraction":false},"comp-kfwx3sa9":{"fillLayers":{"containerId":"comp-kfwx3sa9"},"meshProps":{"wedges":[],"rotatedComponents":[],"experimentOpen":false},"hasHoverInteraction":false},"comp-kfwx6srb":{"fillLayers":{"containerId":"comp-kfwx6srb"},"meshProps":{"wedges":[],"rotatedComponents":[],"experimentOpen":false},"hasHoverInteraction":false},"comp-kfwx7na7":{"fillLayers":{"containerId":"comp-kfwx7na7"},"meshProps":{"wedges":[],"rotatedComponents":[],"experimentOpen":false},"hasHoverInteraction":false},"comp-kfwx7nav":{"fillLayers":{"containerId":"comp-kfwx7nav"},"meshProps":{"wedges":[],"rotatedComponents":[],"experimentOpen":false},"hasHoverInteraction":false},"comp-kfwxkb5n":{"fillLayers":{"containerId":"comp-kfwxkb5n"},"meshProps":{"wedges":[],"rotatedComponents":[],"experimentOpen":false},"hasHoverInteraction":false},"comp-kfwx7n9o":{"fillLayers":{"containerId":"comp-kfwx7n9o"},"meshProps":{"wedges":[],"rotatedComponents":[],"experimentOpen":false},"hasHoverInteraction":false},"comp-khgfvhci":{"fillLayers":{"containerId":"comp-khgfvhci"},"meshProps":{"wedges":[],"rotatedComponents":[],"experimentOpen":false},"hasHoverInteraction":false},"comp-khgfu6e6":{"label":"Read more about these roles","skin":"BasicButton","link":{"href":"https://docs.google.com/document/d/1SlK2RGZ0lsVJmizBql6RHTOsFkLuDiqoTCU8jcGHHk4/edit?usp=sharing","target":"_blank","rel":"noopener"},"hasPlatformClickHandler":false,"classNames":{"desktop":"desktop"}},"comp-kfwwjq5t":{"fillLayers":{"containerId":"comp-kfwwjq5t"},"meshProps":{"wedges":[],"rotatedComponents":[],"fixedComponents":[],"experimentOpen":false}},"comp-kfwx1c4y":{"html":"<h6 class=\"font_6\" style=\"font-size:15px; line-height:1em; text-align:center\"><span style=\"color:#FFFFFF\"><span style=\"font-size:15px\"><span style=\"font-family:lulo-clean-w01-one-bold,sans-serif\">jake lawson</span></span></span></h6>","skin":"WRichTextNewSkin"},"comp-kfwx1c5a":{"html":"<p class=\"font_8\" style=\"line-height:1.7em;text-align:center;font-size:16px\"><span style=\"color:#FFFFFF\"><span style=\"letter-spacing:0.04em\"><span style=\"font-family:futura-lt-w01-light,sans-serif\">President</span></span></span></p>","skin":"WRichTextNewSkin"},"comp-khfnv5yw":{"html":"<h6 class=\"font_6\" style=\"font-size:15px; line-height:1em; text-align:center\"><span style=\"color:#FFFFFF\"><span style=\"font-size:15px\"><span style=\"font-family:lulo-clean-w01-one-bold,sans-serif\">wolff lambert</span></span></span></h6>","skin":"WRichTextNewSkin"},"comp-khfnv5z51":{"html":"<p class=\"font_8\" style=\"line-height:1.7em;text-align:center;font-size:16px\"><span style=\"color:#FFFFFF\"><span style=\"letter-spacing:0.04em\"><span style=\"font-family:futura-lt-w01-light,sans-serif\">Secretary/Vice-President</span></span></span></p>","skin":"WRichTextNewSkin"},"comp-kfwx3sf5":{"html":"<h6 class=\"font_6\" style=\"font-size:15px; line-height:1em; text-align:center\"><span style=\"color:#FFFFFF;\"><span style=\"font-size:15px\"><span style=\"font-family:lulo-clean-w01-one-bold,sans-serif\">treasurer</span></span></span></h6>","skin":"WRichTextNewSkin"},"comp-kfwx3sfd":{"html":"<p class=\"font_8\" style=\"line-height:1.7em;text-align:center;font-size:16px\"><span style=\"color:#FFFFFF\"><span style=\"letter-spacing:0.04em\"><span style=\"font-family:futura-lt-w01-light,sans-serif\">Apply &gt;</span></span></span></p>","skin":"WRichTextNewSkin"},"comp-kfwxz8na":{"html":"<p class=\"font_8\" style=\"line-height:1.7em;text-align:justify;font-size:16px\"><a href=\"https://forms.office.com/Pages/ResponsePage.aspx?id=G96VzPWXk0-0uv5ouFLPkStGIYr39BFEswJRxaDWKN1UODE2U1ZQVUFCV1MzMlE2UVpLVDJZSllSSC4u\" target=\"_blank\" rel=\"noopener\"><span style=\"font-weight:bold\"><span style=\"font-family:futura-lt-w01-light,sans-serif\"><span style=\"color:#FFFFFF\"><span style=\"text-decoration:underline\">Apply now &gt;</span></span></span></span></a></p>","skin":"WRichTextNewSkin"},"comp-kfwxz8mc":{"html":"<p class=\"font_8\" style=\"line-height:1.7em;text-align:justify;font-size:16px\"><span style=\"font-family:futura-lt-w01-light,sans-serif\"><span style=\"color:#FFFFFF;\">Collect membership fees, </span><span style=\"color:#FF4040;\">keep track of members</span><span style=\"color:#FFFFFF;\">, keep good quality </span><span style=\"color:#FF4040;\">records of finances</span><span style=\"color:#FFFFFF;\">, and create </span><span style=\"color:#FF4040;\">society budget</span><span style=\"color:#FFFFFF;\"> (as well deciding which goals/events to&nbsp;allocate&nbsp;funds to).</span></span></p>","skin":"WRichTextNewSkin"},"comp-kfwxz8lc":{"html":"<h6 class=\"font_6\" style=\"font-size:15px; line-height:1em; text-align:center\"><span style=\"color:#FFFFFF\"><span style=\"text-decoration:underline;\"><span style=\"font-size:15px\"><span style=\"font-family:lulo-clean-w01-one-bold,sans-serif\">treasuer</span></span></span></span></h6>","skin":"WRichTextNewSkin"},"comp-kfwx6svd":{"html":"<h6 class=\"font_6\" style=\"font-size:15px; line-height:1em; text-align:center\"><span style=\"color:#FFFFFF;\"><span style=\"font-size:15px\"><span style=\"font-family:lulo-clean-w01-one-bold,sans-serif\">finance officer</span></span></span></h6>","skin":"WRichTextNewSkin"},"comp-kfwx6svk":{"html":"<p class=\"font_8\" style=\"line-height:1.7em;text-align:center;font-size:16px\"><span style=\"color:#FFFFFF\"><span style=\"letter-spacing:0.04em\"><span style=\"font-family:futura-lt-w01-light,sans-serif\">Apply &gt;</span></span></span></p>","skin":"WRichTextNewSkin"},"comp-kfwy3nlh":{"html":"<p class=\"font_8\" style=\"line-height:1.7em;text-align:justify;font-size:16px\"><a href=\"https://forms.office.com/Pages/ResponsePage.aspx?id=G96VzPWXk0-0uv5ouFLPkStGIYr39BFEswJRxaDWKN1UODE2U1ZQVUFCV1MzMlE2UVpLVDJZSllSSC4u\" target=\"_blank\" rel=\"noopener\"><span style=\"font-weight:bold\"><span style=\"font-family:futura-lt-w01-light,sans-serif\"><span style=\"color:#FFFFFF\"><span style=\"text-decoration:underline;\">Apply now &gt;</span></span></span></span></a></p>","skin":"WRichTextNewSkin"},"comp-kfwy3nk1":{"html":"<p class=\"font_8\" style=\"line-height:1.7em;text-align:justify;font-size:16px\"><span style=\"font-family:futura-lt-w01-light,sans-serif\"><span style=\"color:#FF4040;\">Evaluate</span><span style=\"color:#FFFFFF;\"> projects/events for </span><span style=\"color:#FF4040;\">financial viability</span><span style=\"color:#FFFFFF;\">. Responsible for the financial running of the society - </span><span style=\"color:#FF4040;\">making money</span><span style=\"color:#FFFFFF;\"> and making sure we don&#39;t run out of money. </span><span style=\"color:#FF4040;\">Seek funding</span><span style=\"color:#FFFFFF;\">.</span></span></p>","skin":"WRichTextNewSkin"},"comp-kfwy3nis":{"html":"<h6 class=\"font_6\" style=\"font-size:15px; line-height:1em; text-align:center\"><span style=\"color:#FFFFFF\"><span style=\"text-decoration:underline;\"><span style=\"font-size:15px\"><span style=\"font-family:lulo-clean-w01-one-bold,sans-serif\">finance officer</span></span></span></span></h6>","skin":"WRichTextNewSkin"},"comp-kfwx7njr":{"html":"<h6 class=\"font_6\" style=\"font-size:15px; line-height:1em; text-align:center\"><span style=\"color:#FFFFFF;\"><span style=\"font-size:15px\"><span style=\"font-family:lulo-clean-w01-one-bold,sans-serif\">EVENTS OFFICER</span></span></span></h6>","skin":"WRichTextNewSkin"},"comp-kfwx7njv":{"html":"<p class=\"font_8\" style=\"line-height:1.7em;text-align:center;font-size:16px\"><span style=\"color:#FFFFFF\"><span style=\"letter-spacing:0.04em\"><span style=\"font-family:futura-lt-w01-light,sans-serif\">Apply &gt;</span></span></span></p>","skin":"WRichTextNewSkin"},"comp-kfwyfbno":{"html":"<p class=\"font_8\" style=\"line-height:1.7em;text-align:justify;font-size:16px\"><a href=\"https://forms.office.com/Pages/ResponsePage.aspx?id=G96VzPWXk0-0uv5ouFLPkStGIYr39BFEswJRxaDWKN1UODE2U1ZQVUFCV1MzMlE2UVpLVDJZSllSSC4u\" target=\"_blank\" rel=\"noopener\"><span style=\"font-weight:bold\"><span style=\"font-family:futura-lt-w01-light,sans-serif\"><span style=\"color:#FFFFFF\"><span style=\"text-decoration:underline;\">Apply now &gt;</span></span></span></span></a></p>","skin":"WRichTextNewSkin"},"comp-kfwyfbr5":{"html":"<h6 class=\"font_6\" style=\"font-size:15px; line-height:1em; text-align:center\"><span style=\"color:#FFFFFF\"><span style=\"text-decoration:underline;\"><span style=\"font-size:15px\"><span style=\"font-family:lulo-clean-w01-one-bold,sans-serif\">events officer</span></span></span></span></h6>","skin":"WRichTextNewSkin"},"comp-kfwyfbpc":{"html":"<p class=\"font_8\" style=\"line-height:1.7em;text-align:justify;font-size:16px\"><span style=\"font-family:futura-lt-w01-light,sans-serif\"><span style=\"color:#FFFFFF;\">Responsible for running and </span><span style=\"color:#FF4040;\">organising big events</span><span style=\"color:#FFFFFF;\"> (concerts, open mics, club nights, speaker events). Head of the events team. </span><span style=\"color:#FF4040;\">Budgeting, planning and execution</span><span style=\"color:#FFFFFF;\"> of </span><span style=\"color:#FF4040;\">large scale events</span><span style=\"color:#FFFFFF;\">.</span></span></p>","skin":"WRichTextNewSkin"},"comp-kfwx7nn31":{"html":"<h6 class=\"font_6\" style=\"font-size:15px; line-height:1em; text-align:center\"><span style=\"color:#FFFFFF;\"><span style=\"font-size:15px\"><span style=\"font-family:lulo-clean-w01-one-bold,sans-serif\">ARTIST&#39;S OFFICER</span></span></span></h6>","skin":"WRichTextNewSkin"},"comp-kfwx7nn6":{"html":"<p class=\"font_8\" style=\"line-height:1.7em;text-align:center;font-size:16px\"><span style=\"color:#FFFFFF\"><span style=\"letter-spacing:0.04em\"><span style=\"font-family:futura-lt-w01-light,sans-serif\">Apply &gt;</span></span></span></p>","skin":"WRichTextNewSkin"},"comp-kfwyngmu":{"html":"<p class=\"font_8\" style=\"line-height:1.7em;text-align:justify;font-size:16px\"><a href=\"https://forms.office.com/Pages/ResponsePage.aspx?id=G96VzPWXk0-0uv5ouFLPkStGIYr39BFEswJRxaDWKN1UODE2U1ZQVUFCV1MzMlE2UVpLVDJZSllSSC4u\" target=\"_blank\" rel=\"noopener\"><span style=\"font-weight:bold\"><span style=\"font-family:futura-lt-w01-light,sans-serif\"><span style=\"color:#FFFFFF\"><span style=\"text-decoration:underline;\">Apply now &gt;</span></span></span></span></a></p>","skin":"WRichTextNewSkin"},"comp-kfwyngo2":{"html":"<h6 class=\"font_6\" style=\"font-size:15px; line-height:1em; text-align:center\"><span style=\"color:#FFFFFF\"><span style=\"text-decoration:underline\"><span style=\"font-size:15px\"><span style=\"font-family:lulo-clean-w01-one-bold,sans-serif\">artist&#39;s officer</span></span></span></span></h6>","skin":"WRichTextNewSkin"},"comp-kfwyngox":{"html":"<p class=\"font_8\" style=\"line-height:1.7em;text-align:justify;font-size:16px\"><span style=\"font-family:futura-lt-w01-light,sans-serif\"><span style=\"color:#FF4040\">Chief officer of Ox Records.</span><span style=\"color:#FFFFFF;\"> Responsible for running a record label. </span><span style=\"color:#FF4040;\">Maintain contact with members</span><span style=\"color:#FFFFFF;\"> who are music artists. Organise and </span><span style=\"color:#FF4040;\">help with member&#39;s musical projects.</span></span></p>","skin":"WRichTextNewSkin"},"comp-kfwxkba6":{"html":"<h6 class=\"font_6\" style=\"font-size:15px; line-height:1em; text-align:center\"><span style=\"color:#FFFFFF\"><span style=\"font-size:15px\"><span style=\"font-family:lulo-clean-w01-one-bold,sans-serif\">marketing OFFICER</span></span></span></h6>","skin":"WRichTextNewSkin"},"comp-kfwxkbac":{"html":"<p class=\"font_8\" style=\"line-height:1.7em;text-align:center;font-size:16px\"><span style=\"color:#FFFFFF\"><span style=\"letter-spacing:0.04em\"><span style=\"font-family:futura-lt-w01-light,sans-serif\">Apply &gt;</span></span></span></p>","skin":"WRichTextNewSkin"},"comp-kfwytfhw":{"html":"<p class=\"font_8\" style=\"line-height:1.7em;text-align:justify;font-size:16px\"><a href=\"https://forms.office.com/Pages/ResponsePage.aspx?id=G96VzPWXk0-0uv5ouFLPkStGIYr39BFEswJRxaDWKN1UODE2U1ZQVUFCV1MzMlE2UVpLVDJZSllSSC4u\" target=\"_blank\" rel=\"noopener\"><span style=\"font-weight:bold\"><span style=\"font-family:futura-lt-w01-light,sans-serif\"><span style=\"color:#FFFFFF\"><span style=\"text-decoration:underline;\">Apply now &gt;</span></span></span></span></a></p>","skin":"WRichTextNewSkin"},"comp-kfwytfmj":{"html":"<h6 class=\"font_6\" style=\"font-size:15px; line-height:1em; text-align:center\"><span style=\"color:#FFFFFF\"><span style=\"text-decoration:underline\"><span style=\"font-size:15px\"><span style=\"font-family:lulo-clean-w01-one-bold,sans-serif\">marketing officer</span></span></span></span></h6>","skin":"WRichTextNewSkin"},"comp-kfwytfkg":{"html":"<p class=\"font_8\" style=\"line-height:1.7em;text-align:justify;font-size:16px\"><span style=\"font-family:futura-lt-w01-light,sans-serif\"><span style=\"color:#FFFFFF;\">Responsible for </span><span style=\"color:#FF4040;\">promoting the society</span><span style=\"color:#FFFFFF;\">, including </span><span style=\"color:#FF4040;\">getting lots of new members</span><span style=\"color:#FFFFFF;\">, </span><span style=\"color:#FF4040;\">making sure events are well attended</span><span style=\"color:#FFFFFF;\">, and promoting the ORS on the world stage.&nbsp;</span></span></p>","skin":"WRichTextNewSkin"},"comp-kfwx7ngv":{"html":"<h6 class=\"font_6\" style=\"font-size:15px; line-height:1em; text-align:center\"><span style=\"color:#FFFFFF;\"><span style=\"font-size:15px\"><span style=\"font-family:lulo-clean-w01-one-bold,sans-serif\">SOCIAL MEDIA OFFICER</span></span></span></h6>","skin":"WRichTextNewSkin"},"comp-kfwx7nh1":{"html":"<p class=\"font_8\" style=\"line-height:1.7em;text-align:center;font-size:16px\"><span style=\"color:#FFFFFF\"><span style=\"letter-spacing:0.04em\"><span style=\"font-family:futura-lt-w01-light,sans-serif\">Apply &gt;</span></span></span></p>","skin":"WRichTextNewSkin"},"comp-kfwy9r5x":{"html":"<p class=\"font_8\" style=\"line-height:1.7em;text-align:justify;font-size:16px\"><a href=\"https://forms.office.com/Pages/ResponsePage.aspx?id=G96VzPWXk0-0uv5ouFLPkStGIYr39BFEswJRxaDWKN1UODE2U1ZQVUFCV1MzMlE2UVpLVDJZSllSSC4u\" target=\"_blank\" rel=\"noopener\"><span style=\"font-weight:bold\"><span style=\"font-family:futura-lt-w01-light,sans-serif\"><span style=\"color:#FFFFFF\"><span style=\"text-decoration:underline;\">Apply now &gt;</span></span></span></span></a></p>","skin":"WRichTextNewSkin"},"comp-kfwy9r4z":{"html":"<p class=\"font_8\" style=\"line-height:1.7em;text-align:justify;font-size:16px\"><span style=\"font-family:futura-lt-w01-light,sans-serif\"><span style=\"color:#FFFFFF;\">Run the </span><span style=\"color:#FF4040;\">fb, twitter, insta</span><span style=\"color:#FFFFFF;\">. Create (and organise creation of) </span><span style=\"color:#FF4040;\">interesting content</span><span style=\"color:#FFFFFF;\">. Update members on goings on. </span><span style=\"color:#FF4040;\">Engage with artists</span><span style=\"color:#FFFFFF;\"> to follow our social&nbsp;media.</span></span></p>","skin":"WRichTextNewSkin"},"comp-kfwy9r3h":{"html":"<h6 class=\"font_6\" style=\"font-size:15px; line-height:1em; text-align:center\"><span style=\"color:#FFFFFF\"><span style=\"text-decoration:underline;\"><span style=\"font-size:15px\"><span style=\"font-family:lulo-clean-w01-one-bold,sans-serif\">social media officer</span></span></span></span></h6>","skin":"WRichTextNewSkin"},"comp-khgfvhe1":{"html":"<h6 class=\"font_6\" style=\"font-size:15px; line-height:1em; text-align:center\"><span style=\"color:#FFFFFF\"><span style=\"font-size:15px\"><span style=\"font-family:lulo-clean-w01-one-bold,sans-serif\">it officer</span></span></span></h6>","skin":"WRichTextNewSkin"},"comp-khgfvhe3":{"html":"<p class=\"font_8\" style=\"line-height:1.7em;text-align:center;font-size:16px\"><span style=\"color:#FFFFFF\"><span style=\"letter-spacing:0.04em\"><span style=\"font-family:futura-lt-w01-light,sans-serif\">Apply &gt;</span></span></span></p>","skin":"WRichTextNewSkin"},"comp-khgfvhe4":{"html":"<p class=\"font_8\" style=\"line-height:1.7em;text-align:justify;font-size:16px\"><a href=\"https://forms.office.com/Pages/ResponsePage.aspx?id=G96VzPWXk0-0uv5ouFLPkStGIYr39BFEswJRxaDWKN1UODE2U1ZQVUFCV1MzMlE2UVpLVDJZSllSSC4u\" target=\"_blank\" rel=\"noopener\"><span style=\"font-weight:bold\"><span style=\"font-family:futura-lt-w01-light,sans-serif\"><span style=\"color:#FFFFFF\"><span style=\"text-decoration:underline;\">Apply now &gt;</span></span></span></span></a></p>","skin":"WRichTextNewSkin"},"comp-khgfvhe7":{"html":"<p class=\"font_8\" style=\"line-height:1.7em;text-align:justify;font-size:16px\"><span class=\"color_15\"><span style=\"font-family:futura-lt-w01-light,sans-serif\">Set up and maintain our </span></span><span style=\"color:#E21C21;\"><span style=\"font-family:futura-lt-w01-light,sans-serif\">IT systems</span></span><span class=\"color_15\"><span style=\"font-family:futura-lt-w01-light,sans-serif\">, including the ORS website.&nbsp;Create an </span></span><span style=\"color:#E21C21;\"><span style=\"font-family:futura-lt-w01-light,sans-serif\">engaging artist web platform</span></span><span class=\"color_15\"><span style=\"font-family:futura-lt-w01-light,sans-serif\">. Help </span></span><span style=\"color:#E21C21;\"><span style=\"font-family:futura-lt-w01-light,sans-serif\">automate running processes</span></span><span class=\"color_15\"><span style=\"font-family:futura-lt-w01-light,sans-serif\"> and organise our GDrive structure.</span></span></p>","skin":"WRichTextNewSkin"},"comp-khgfvhe91":{"html":"<h6 class=\"font_6\" style=\"font-size:15px; line-height:1em; text-align:center\"><span style=\"color:#FFFFFF\"><span style=\"text-decoration:underline\"><span style=\"font-size:15px\"><span style=\"font-family:lulo-clean-w01-one-bold,sans-serif\">it officer</span></span></span></span></h6>","skin":"WRichTextNewSkin"},"comp-kfwwjq60":{"html":"<h2 class=\"font_2\" style=\"font-size:15px\"><span class=\"color_15\"><span style=\"font-size:15px\"><span style=\"font-family:lulo-clean-w01-one-bold,sans-serif\"><span style=\"font-weight:bold\"><span style=\"letter-spacing:0.05em\">WE ARE CURRENTLY TAKING APPLICATIONS FOR the&nbsp;2020/2021 COMMITTEE</span></span></span></span></span></h2>","skin":"WRichTextNewSkin"},"comp-kfwwjq6e":{"html":"<p class=\"font_8\" style=\"font-size:12px; line-height:1.6em\"><span style=\"font-weight:bold\"><span style=\"color:#000000\"><span style=\"font-size:12px\"><span style=\"font-family:futura-lt-w01-light,sans-serif\"><span class=\"backcolor_15\">If you&#39;re interested in the music industry, passionate about our goals, want opportunities to be completely involved in ORS activities and opportunities to meet music industry people - apply below!</span></span></span></span></span></p>","skin":"WRichTextNewSkin"},"comp-khgfybom":{"label":"Apply Now","skin":"BasicButton","link":{"href":"https://forms.office.com/Pages/ResponsePage.aspx?id=G96VzPWXk0-0uv5ouFLPkStGIYr39BFEswJRxaDWKN1UODE2U1ZQVUFCV1MzMlE2UVpLVDJZSllSSC4u","target":"_blank","rel":"noopener"},"hasPlatformClickHandler":false,"classNames":{"desktop":"desktop"}},"pageBackground_ke69o":{"fillLayers":{"containerId":"pageBackground_ke69o","image":{"uri":"aa55a5_7050cf9348af4888badce676a232c658~mv2.jpg","alt":"","width":3000,"height":1688,"title":"bg4.jpg","containerId":"pageBackground_ke69o","hasBgScrollEffect":"","bgEffectName":"","alignType":"center","displayMode":"fill"}},"isMediaPositionOverride":false},"Containerke69o":{"meshProps":{"wedges":[],"rotatedComponents":[],"fixedComponents":[],"experimentOpen":false}},"comp-kfwx1c0c:hover":{"fillLayers":{"containerId":"comp-kfwx1c0c:hover"},"meshProps":{"wedges":["comp-kfwx1c0cinlineContent-wedge-3"],"rotatedComponents":[],"experimentOpen":false},"hasHoverInteraction":false},"comp-khfnv5w5:hover":{"fillLayers":{"containerId":"comp-khfnv5w5:hover"},"meshProps":{"wedges":["comp-khfnv5w5inlineContent-wedge-3"],"rotatedComponents":[],"experimentOpen":false},"hasHoverInteraction":false},"comp-kfwx3sa9:hover":{"fillLayers":{"containerId":"comp-kfwx3sa9:hover"},"meshProps":{"wedges":[],"rotatedComponents":[],"experimentOpen":false},"hasHoverInteraction":false},"comp-kfwx6srb:hover":{"fillLayers":{"containerId":"comp-kfwx6srb:hover"},"meshProps":{"wedges":[],"rotatedComponents":[],"experimentOpen":false},"hasHoverInteraction":false},"comp-kfwx7na7:hover":{"fillLayers":{"containerId":"comp-kfwx7na7:hover"},"meshProps":{"wedges":[],"rotatedComponents":[],"experimentOpen":false},"hasHoverInteraction":false},"comp-kfwx7nav:hover":{"fillLayers":{"containerId":"comp-kfwx7nav:hover"},"meshProps":{"wedges":[],"rotatedComponents":[],"experimentOpen":false},"hasHoverInteraction":false},"comp-kfwxkb5n:hover":{"fillLayers":{"containerId":"comp-kfwxkb5n:hover"},"meshProps":{"wedges":[],"rotatedComponents":[],"experimentOpen":false},"hasHoverInteraction":false},"comp-kfwx7n9o:hover":{"fillLayers":{"containerId":"comp-kfwx7n9o:hover"},"meshProps":{"wedges":[],"rotatedComponents":[],"experimentOpen":false},"hasHoverInteraction":false},"comp-khgfvhci:hover":{"fillLayers":{"containerId":"comp-khgfvhci:hover"},"meshProps":{"wedges":[],"rotatedComponents":[],"experimentOpen":false},"hasHoverInteraction":false}}},"hoverBox":{"defaultModeComps":{"comp-kfwx1c0c":["comp-kfwx1c4y","comp-kfwx1c5a"],"comp-khfnv5w5":["comp-khfnv5yw","comp-khfnv5z51"],"comp-kfwx3sa9":["comp-kfwx3sf5","comp-kfwx3sfd"],"comp-kfwx6srb":["comp-kfwx6svd","comp-kfwx6svk"],"comp-kfwx7na7":["comp-kfwx7njr","comp-kfwx7njv"],"comp-kfwx7nav":["comp-kfwx7nn31","comp-kfwx7nn6"],"comp-kfwxkb5n":["comp-kfwxkba6","comp-kfwxkbac"],"comp-kfwx7n9o":["comp-kfwx7ngv","comp-kfwx7nh1"],"comp-khgfvhci":["comp-khgfvhe1","comp-khgfvhe3"]},"hoverModeComps":{"comp-kfwx1c0c:hover":[],"comp-khfnv5w5:hover":[],"comp-kfwx3sa9:hover":["comp-kfwxz8na","comp-kfwxz8mc","comp-kfwxz8lc"],"comp-kfwx6srb:hover":["comp-kfwy3nlh","comp-kfwy3nk1","comp-kfwy3nis"],"comp-kfwx7na7:hover":["comp-kfwyfbno","comp-kfwyfbr5","comp-kfwyfbpc"],"comp-kfwx7nav:hover":["comp-kfwyngmu","comp-kfwyngo2","comp-kfwyngox"],"comp-kfwxkb5n:hover":["comp-kfwytfhw","comp-kfwytfmj","comp-kfwytfkg"],"comp-kfwx7n9o:hover":["comp-kfwy9r5x","comp-kfwy9r4z","comp-kfwy9r3h"],"comp-khgfvhci:hover":["comp-khgfvhe4","comp-khgfvhe7","comp-khgfvhe91"]},"fixedPositionHoverBoxes":[],"hoverBoxParent":{"comp-kfwx1c0c":"Containerke69o","comp-khfnv5w5":"Containerke69o","comp-kfwx3sa9":"Containerke69o","comp-kfwx6srb":"Containerke69o","comp-kfwx7na7":"Containerke69o","comp-kfwx7nav":"Containerke69o","comp-kfwxkb5n":"Containerke69o","comp-kfwx7n9o":"Containerke69o","comp-khgfvhci":"Containerke69o"},"hoverBoxChildrenData":{"comp-kfwx1c0c":{"comp-kfwx1c4y":{"behavior":{"in":{"action":"modeIn","name":"FadeIn","delay":0,"duration":0.35},"out":{"action":"modeOut","name":"FadeOut","delay":0,"duration":0.35}},"layout":{"width":216,"height":17,"x":35,"y":201,"scale":1,"rotationInDegrees":0,"fixedPosition":false}},"comp-kfwx1c5a":{"behavior":{"in":{"action":"modeIn","name":"FadeIn","delay":0,"duration":0.35},"out":{"action":"modeOut","name":"FadeOut","delay":0,"duration":0.35}},"layout":{"width":271,"height":27,"x":7,"y":221,"scale":1,"rotationInDegrees":0,"fixedPosition":false}}},"comp-khfnv5w5":{"comp-khfnv5yw":{"behavior":{"in":{"action":"modeIn","name":"FadeIn","delay":0,"duration":0.35},"out":{"action":"modeOut","name":"FadeOut","delay":0,"duration":0.35}},"layout":{"width":216,"height":17,"x":35,"y":201,"scale":1,"rotationInDegrees":0,"fixedPosition":false}},"comp-khfnv5z51":{"behavior":{"in":{"action":"modeIn","name":"FadeIn","delay":0,"duration":0.35},"out":{"action":"modeOut","name":"FadeOut","delay":0,"duration":0.35}},"layout":{"width":271,"height":27,"x":7,"y":221,"scale":1,"rotationInDegrees":0,"fixedPosition":false}}},"comp-kfwx3sa9":{"comp-kfwx3sf5":{"behavior":{"in":{"action":"modeIn","name":"FadeIn","delay":0,"duration":0.35},"out":{"action":"modeOut","name":"FadeOut","delay":0,"duration":0.35}},"layout":{"width":216,"height":17,"x":34,"y":201,"scale":1,"rotationInDegrees":0,"fixedPosition":false}},"comp-kfwx3sfd":{"behavior":{"in":{"action":"modeIn","name":"FadeIn","delay":0,"duration":0.35},"out":{"action":"modeOut","name":"FadeOut","delay":0,"duration":0.35}},"layout":{"width":271,"height":27,"x":6,"y":226,"scale":1,"rotationInDegrees":0,"fixedPosition":false}}},"comp-kfwx6srb":{"comp-kfwx6svd":{"behavior":{"in":{"action":"modeIn","name":"FadeIn","delay":0,"duration":0.35},"out":{"action":"modeOut","name":"FadeOut","delay":0,"duration":0.35}},"layout":{"width":216,"height":17,"x":34,"y":201,"scale":1,"rotationInDegrees":0,"fixedPosition":false}},"comp-kfwx6svk":{"behavior":{"in":{"action":"modeIn","name":"FadeIn","delay":0,"duration":0.35},"out":{"action":"modeOut","name":"FadeOut","delay":0,"duration":0.35}},"layout":{"width":271,"height":27,"x":6,"y":226,"scale":1,"rotationInDegrees":0,"fixedPosition":false}}},"comp-kfwx7na7":{"comp-kfwx7njr":{"behavior":{"in":{"action":"modeIn","name":"FadeIn","delay":0,"duration":0.35},"out":{"action":"modeOut","name":"FadeOut","delay":0,"duration":0.35}},"layout":{"width":216,"height":17,"x":34,"y":201,"scale":1,"rotationInDegrees":0,"fixedPosition":false}},"comp-kfwx7njv":{"behavior":{"in":{"action":"modeIn","name":"FadeIn","delay":0,"duration":0.35},"out":{"action":"modeOut","name":"FadeOut","delay":0,"duration":0.35}},"layout":{"width":271,"height":27,"x":6,"y":226,"scale":1,"rotationInDegrees":0,"fixedPosition":false}}},"comp-kfwx7nav":{"comp-kfwx7nn31":{"behavior":{"in":{"action":"modeIn","name":"FadeIn","delay":0,"duration":0.35},"out":{"action":"modeOut","name":"FadeOut","delay":0,"duration":0.35}},"layout":{"width":216,"height":17,"x":34,"y":201,"scale":1,"rotationInDegrees":0,"fixedPosition":false}},"comp-kfwx7nn6":{"behavior":{"in":{"action":"modeIn","name":"FadeIn","delay":0,"duration":0.35},"out":{"action":"modeOut","name":"FadeOut","delay":0,"duration":0.35}},"layout":{"width":271,"height":27,"x":6,"y":226,"scale":1,"rotationInDegrees":0,"fixedPosition":false}}},"comp-kfwxkb5n":{"comp-kfwxkba6":{"behavior":{"in":{"action":"modeIn","name":"FadeIn","delay":0,"duration":0.35},"out":{"action":"modeOut","name":"FadeOut","delay":0,"duration":0.35}},"layout":{"width":216,"height":33,"x":34,"y":193,"scale":1,"rotationInDegrees":0,"fixedPosition":false}},"comp-kfwxkbac":{"behavior":{"in":{"action":"modeIn","name":"FadeIn","delay":0,"duration":0.35},"out":{"action":"modeOut","name":"FadeOut","delay":0,"duration":0.35}},"layout":{"width":271,"height":27,"x":6,"y":229,"scale":1,"rotationInDegrees":0,"fixedPosition":false}}},"comp-kfwx7n9o":{"comp-kfwx7ngv":{"behavior":{"in":{"action":"modeIn","name":"FadeIn","delay":0,"duration":0.35},"out":{"action":"modeOut","name":"FadeOut","delay":0,"duration":0.35}},"layout":{"width":216,"height":33,"x":34,"y":193,"scale":1,"rotationInDegrees":0,"fixedPosition":false}},"comp-kfwx7nh1":{"behavior":{"in":{"action":"modeIn","name":"FadeIn","delay":0,"duration":0.35},"out":{"action":"modeOut","name":"FadeOut","delay":0,"duration":0.35}},"layout":{"width":271,"height":27,"x":6,"y":229,"scale":1,"rotationInDegrees":0,"fixedPosition":false}}},"comp-khgfvhci":{"comp-khgfvhe1":{"behavior":{"in":{"action":"modeIn","name":"FadeIn","delay":0,"duration":0.35},"out":{"action":"modeOut","name":"FadeOut","delay":0,"duration":0.35}},"layout":{"width":216,"height":17,"x":34,"y":201,"scale":1,"rotationInDegrees":0,"fixedPosition":false}},"comp-khgfvhe3":{"behavior":{"in":{"action":"modeIn","name":"FadeIn","delay":0,"duration":0.35},"out":{"action":"modeOut","name":"FadeOut","delay":0,"duration":0.35}},"layout":{"width":271,"height":27,"x":6,"y":226,"scale":1,"rotationInDegrees":0,"fixedPosition":false}}},"comp-kfwx1c0c:hover":{},"comp-khfnv5w5:hover":{},"comp-kfwx3sa9:hover":{"comp-kfwxz8na":{"behavior":{"in":{"action":"modeIn","name":"FadeIn","delay":0,"duration":0.35},"out":{"action":"modeOut","name":"FadeOut","delay":0,"duration":0.35}},"layout":{"width":108,"height":27,"x":163,"y":232,"scale":1,"rotationInDegrees":0,"fixedPosition":false}},"comp-kfwxz8mc":{"behavior":{"in":{"action":"modeIn","name":"FadeIn","delay":0,"duration":0.35},"out":{"action":"modeOut","name":"FadeOut","delay":0,"duration":0.35}},"layout":{"width":216,"height":160,"x":34,"y":61,"scale":1,"rotationInDegrees":0,"fixedPosition":false}},"comp-kfwxz8lc":{"behavior":{"in":{"action":"modeIn","name":"FadeIn","delay":0,"duration":0.35},"out":{"action":"modeOut","name":"FadeOut","delay":0,"duration":0.35}},"layout":{"width":216,"height":17,"x":39,"y":35,"scale":1,"rotationInDegrees":0,"fixedPosition":false}}},"comp-kfwx6srb:hover":{"comp-kfwy3nlh":{"behavior":{"in":{"action":"modeIn","name":"FadeIn","delay":0,"duration":0.35},"out":{"action":"modeOut","name":"FadeOut","delay":0,"duration":0.35}},"layout":{"width":108,"height":27,"x":160,"y":232,"scale":1,"rotationInDegrees":0,"fixedPosition":false}},"comp-kfwy3nk1":{"behavior":{"in":{"action":"modeIn","name":"FadeIn","delay":0,"duration":0.35},"out":{"action":"modeOut","name":"FadeOut","delay":0,"duration":0.35}},"layout":{"width":216,"height":160,"x":34,"y":61,"scale":1,"rotationInDegrees":0,"fixedPosition":false}},"comp-kfwy3nis":{"behavior":{"in":{"action":"modeIn","name":"FadeIn","delay":0,"duration":0.35},"out":{"action":"modeOut","name":"FadeOut","delay":0,"duration":0.35}},"layout":{"width":216,"height":17,"x":39,"y":35,"scale":1,"rotationInDegrees":0,"fixedPosition":false}}},"comp-kfwx7na7:hover":{"comp-kfwyfbno":{"behavior":{"in":{"action":"modeIn","name":"FadeIn","delay":0,"duration":0.35},"out":{"action":"modeOut","name":"FadeOut","delay":0,"duration":0.35}},"layout":{"width":108,"height":27,"x":163,"y":229,"scale":1,"rotationInDegrees":0,"fixedPosition":false}},"comp-kfwyfbr5":{"behavior":{"in":{"action":"modeIn","name":"FadeIn","delay":0,"duration":0.35},"out":{"action":"modeOut","name":"FadeOut","delay":0,"duration":0.35}},"layout":{"width":216,"height":17,"x":34,"y":34,"scale":1,"rotationInDegrees":0,"fixedPosition":false}},"comp-kfwyfbpc":{"behavior":{"in":{"action":"modeIn","name":"FadeIn","delay":0,"duration":0.35},"out":{"action":"modeOut","name":"FadeOut","delay":0,"duration":0.35}},"layout":{"width":216,"height":160,"x":34,"y":58,"scale":1,"rotationInDegrees":0,"fixedPosition":false}}},"comp-kfwx7nav:hover":{"comp-kfwyngmu":{"behavior":{"in":{"action":"modeIn","name":"FadeIn","delay":0,"duration":0.35},"out":{"action":"modeOut","name":"FadeOut","delay":0,"duration":0.35}},"layout":{"width":108,"height":27,"x":160,"y":229,"scale":1,"rotationInDegrees":0,"fixedPosition":false}},"comp-kfwyngo2":{"behavior":{"in":{"action":"modeIn","name":"FadeIn","delay":0,"duration":0.35},"out":{"action":"modeOut","name":"FadeOut","delay":0,"duration":0.35}},"layout":{"width":216,"height":17,"x":37,"y":34,"scale":1,"rotationInDegrees":0,"fixedPosition":false}},"comp-kfwyngox":{"behavior":{"in":{"action":"modeIn","name":"FadeIn","delay":0,"duration":0.35},"out":{"action":"modeOut","name":"FadeOut","delay":0,"duration":0.35}},"layout":{"width":216,"height":160,"x":34,"y":58,"scale":1,"rotationInDegrees":0,"fixedPosition":false}}},"comp-kfwxkb5n:hover":{"comp-kfwytfhw":{"behavior":{"in":{"action":"modeIn","name":"FadeIn","delay":0,"duration":0.35},"out":{"action":"modeOut","name":"FadeOut","delay":0,"duration":0.35}},"layout":{"width":108,"height":27,"x":156,"y":228,"scale":1,"rotationInDegrees":0,"fixedPosition":false}},"comp-kfwytfmj":{"behavior":{"in":{"action":"modeIn","name":"FadeIn","delay":0,"duration":0.35},"out":{"action":"modeOut","name":"FadeOut","delay":0,"duration":0.35}},"layout":{"width":216,"height":33,"x":34,"y":32,"scale":1,"rotationInDegrees":0,"fixedPosition":false}},"comp-kfwytfkg":{"behavior":{"in":{"action":"modeIn","name":"FadeIn","delay":0,"duration":0.35},"out":{"action":"modeOut","name":"FadeOut","delay":0,"duration":0.35}},"layout":{"width":216,"height":160,"x":38,"y":75,"scale":1,"rotationInDegrees":0,"fixedPosition":false}}},"comp-kfwx7n9o:hover":{"comp-kfwy9r5x":{"behavior":{"in":{"action":"modeIn","name":"FadeIn","delay":0,"duration":0.35},"out":{"action":"modeOut","name":"FadeOut","delay":0,"duration":0.35}},"layout":{"width":108,"height":27,"x":161,"y":229,"scale":1,"rotationInDegrees":0,"fixedPosition":false}},"comp-kfwy9r4z":{"behavior":{"in":{"action":"modeIn","name":"FadeIn","delay":0,"duration":0.35},"out":{"action":"modeOut","name":"FadeOut","delay":0,"duration":0.35}},"layout":{"width":216,"height":160,"x":34,"y":76,"scale":1,"rotationInDegrees":0,"fixedPosition":false}},"comp-kfwy9r3h":{"behavior":{"in":{"action":"modeIn","name":"FadeIn","delay":0,"duration":0.35},"out":{"action":"modeOut","name":"FadeOut","delay":0,"duration":0.35}},"layout":{"width":216,"height":33,"x":30,"y":34,"scale":1,"rotationInDegrees":0,"fixedPosition":false}}},"comp-khgfvhci:hover":{"comp-khgfvhe4":{"behavior":{"in":{"action":"modeIn","name":"FadeIn","delay":0,"duration":0.35},"out":{"action":"modeOut","name":"FadeOut","delay":0,"duration":0.35}},"layout":{"width":108,"height":27,"x":160,"y":232,"scale":1,"rotationInDegrees":0,"fixedPosition":false}},"comp-khgfvhe7":{"behavior":{"in":{"action":"modeIn","name":"FadeIn","delay":0,"duration":0.35},"out":{"action":"modeOut","name":"FadeOut","delay":0,"duration":0.35}},"layout":{"width":216,"height":160,"x":34,"y":61,"scale":1,"rotationInDegrees":0,"fixedPosition":false}},"comp-khgfvhe91":{"behavior":{"in":{"action":"modeIn","name":"FadeIn","delay":0,"duration":0.35},"out":{"action":"modeOut","name":"FadeOut","delay":0,"duration":0.35}},"layout":{"width":216,"height":17,"x":39,"y":35,"scale":1,"rotationInDegrees":0,"fixedPosition":false}}}}},"pageTransitions":{"pageBackground":{"type":"BackgroundMedia","id":"ke69o_desktop_bg","metaData":{"isPreset":false,"schemaVersion":"2.0","isHidden":false},"mediaRef":{"type":"Image","id":"ke69o_desktop_mediaRef","metaData":{"isPreset":false,"schemaVersion":"2.0","isHidden":false},"title":"bg4.jpg","uri":"aa55a5_7050cf9348af4888badce676a232c658~mv2.jpg","description":"private","width":3000,"height":1688,"alt":"","artist":{"id":"","name":""}},"color":"{color_21}","alignType":"center","fittingType":"fill","scrollType":"fixed","colorOverlay":"","colorOverlayOpacity":0}},"renderer":{},"scrollToAnchor":{"anchorDataIdToCompIdMap":{},"nicknameToCompIdMap":{"page1":"ke69o","text1":"comp-iy2ot1r6","columnStrip1":"comp-kfwwjq16","hoverBox1":"comp-kfwx1c0c:hover","hoverBox9":"comp-khfnv5w5:hover","hoverBox2":"comp-kfwx3sa9:hover","hoverBox3":"comp-kfwx6srb:hover","hoverBox5":"comp-kfwx7na7:hover","hoverBox6":"comp-kfwx7nav:hover","hoverBox7":"comp-kfwxkb5n:hover","hoverBox4":"comp-kfwx7n9o:hover","hoverBox10":"comp-khgfvhci:hover","button5":"comp-khgfu6e6","column1":"comp-kfwwjq5t","text6":"comp-kfwx1c4y","text5":"comp-kfwx1c5a","text55":"comp-khfnv5yw","text54":"comp-khfnv5z51","text9":"comp-kfwx3sf5","text8":"comp-kfwx3sfd","text30":"comp-kfwxz8na","text29":"comp-kfwxz8mc","text28":"comp-kfwxz8lc","text12":"comp-kfwx6svd","text11":"comp-kfwx6svk","text33":"comp-kfwy3nlh","text32":"comp-kfwy3nk1","text31":"comp-kfwy3nis","text18":"comp-kfwx7njr","text17":"comp-kfwx7njv","text37":"comp-kfwyfbno","text39":"comp-kfwyfbr5","text38":"comp-kfwyfbpc","text21":"comp-kfwx7nn31","text20":"comp-kfwx7nn6","text40":"comp-kfwyngmu","text41":"comp-kfwyngo2","text42":"comp-kfwyngox","text24":"comp-kfwxkba6","text23":"comp-kfwxkbac","text43":"comp-kfwytfhw","text45":"comp-kfwytfmj","text44":"comp-kfwytfkg","text15":"comp-kfwx7ngv","text14":"comp-kfwx7nh1","text36":"comp-kfwy9r5x","text35":"comp-kfwy9r4z","text34":"comp-kfwy9r3h","text60":"comp-khgfvhe1","text59":"comp-khgfvhe3","text58":"comp-khgfvhe4","text57":"comp-khgfvhe7","text56":"comp-khgfvhe91","text3":"comp-kfwwjq60","text2":"comp-kfwwjq6e","button6":"comp-khgfybom"},"compsWithCurrentInnerRouteDynamicPageLink":[]},"seo":{"description":"","indexPage":true,"ogImage":"","ogImageHeight":"","ogImageWidth":"","pageName":"COMMITTEE","title":"Committee | ORS","advancedSeoData":"{\"tags\":[{\"type\":\"title\",\"children\":\"Committee | ORS\"}]}"}}}