{"structure":{"components":{"c1dmp":{"components":["Containerc1dmp"],"componentType":"Page","uiType":"TransparentPageSkin"},"comp-kfeha5dk":{"componentType":"WPhoto","uiType":"NoSkinPhoto"},"comp-kfd2dipj":{"componentType":"WRichText"},"comp-j0b5pjyk1":{"componentType":"SiteButton","uiType":"BasicButton"},"comp-kfh6t6vm":{"components":["comp-kfh6t6xq","comp-kfh6t6xr1","comp-kfh6t6xs2","comp-kfh6t6xu2","comp-ixt27eu8","comp-kfh7flnk"],"componentType":"HoverBox"},"comp-kfh8tivq":{"components":["comp-kfh8tixm","comp-kfh8tixo3","comp-kfh8tixq","comp-kfh8tixs1","comp-kfh8tixv3","comp-kfh8tixy2"],"componentType":"HoverBox"},"comp-kfh9vukm":{"components":["comp-kfh9vumi","comp-kfh9vuml","comp-kfh9vumm1","comp-kfh9vumo2","comp-kfh9vumq","comp-kfh9vumt"],"componentType":"HoverBox"},"comp-kfhcgrrg":{"components":["comp-kfhcgrsu","comp-kfhcgrsw2","comp-kfhcgrsx4","comp-kfhcgrt0","comp-kfhcgrt12","comp-kfhcgrt9"],"componentType":"HoverBox"},"comp-kfhe0ozc":{"components":["comp-kfhe0p19","comp-kfhe0p1b","comp-kfhe0p1c1","comp-kfhe0p1e","comp-kfhe0p1f2","comp-kfhe0p1h2"],"componentType":"HoverBox"},"comp-kfir6si5":{"components":["comp-kfir6sr0","comp-kfir6sr5","comp-kfir6sr8","comp-kfir6sre","comp-kfir6sri","comp-kfir6sru"],"componentType":"HoverBox"},"comp-kfirb1nt":{"components":["comp-kfirb1yn","comp-kfirb1yv","comp-kfirb1z2","comp-kfirb1zd","comp-kfirb1zk","comp-kfirb1zr"],"componentType":"HoverBox"},"comp-kfirb1pf":{"components":["comp-kfirb2aw","comp-kfirb2b2","comp-kfirb2b7","comp-kfirb2be","comp-kfirb2bj","comp-kfirb2bp"],"componentType":"HoverBox"},"comp-kfyrp71s":{"componentType":"WRichText"},"comp-kfyrq0c3":{"componentType":"WRichText"},"comp-kfyrpp52":{"components":["comp-kfyrhs21","comp-kfyrh730","comp-kfyria6s","comp-kfyrhxti","comp-kfyri8ji","comp-kfyrhjwf"],"componentType":"Group"},"comp-kfyrqb5h":{"components":["comp-kfyrkpv0","comp-kfyrkpsw","comp-kfyrkptr","comp-kfyrkpvp","comp-kfyrkpwq","comp-kfyrkpuf"],"componentType":"Group"},"comp-kfyrr27o":{"componentType":"SiteButton","uiType":"BasicButton"},"comp-kfyrsnki":{"componentType":"VectorImage"},"comp-kfyrt7fb":{"componentType":"VectorImage"},"comp-kfh6t6xq":{"componentType":"VerticalLine","uiType":"VerticalSolidLine"},"comp-kfh6t6xr1":{"componentType":"VerticalLine","uiType":"VerticalSolidLine"},"comp-kfh6t6xs2":{"componentType":"FiveGridLine"},"comp-kfh6t6xu2":{"componentType":"FiveGridLine"},"comp-ixt27eu8":{"componentType":"WRichText"},"comp-kfh7flnk":{"componentType":"WRichText"},"comp-kfh8tixm":{"componentType":"VerticalLine","uiType":"VerticalSolidLine"},"comp-kfh8tixo3":{"componentType":"VerticalLine","uiType":"VerticalSolidLine"},"comp-kfh8tixq":{"componentType":"FiveGridLine"},"comp-kfh8tixs1":{"componentType":"FiveGridLine"},"comp-kfh8tixv3":{"componentType":"WRichText"},"comp-kfh8tixy2":{"componentType":"WRichText"},"comp-kfh9vumi":{"componentType":"VerticalLine","uiType":"VerticalSolidLine"},"comp-kfh9vuml":{"componentType":"VerticalLine","uiType":"VerticalSolidLine"},"comp-kfh9vumm1":{"componentType":"FiveGridLine"},"comp-kfh9vumo2":{"componentType":"FiveGridLine"},"comp-kfh9vumq":{"componentType":"WRichText"},"comp-kfh9vumt":{"componentType":"WRichText"},"comp-kfhcgrsu":{"componentType":"VerticalLine","uiType":"VerticalSolidLine"},"comp-kfhcgrsw2":{"componentType":"VerticalLine","uiType":"VerticalSolidLine"},"comp-kfhcgrsx4":{"componentType":"FiveGridLine"},"comp-kfhcgrt0":{"componentType":"FiveGridLine"},"comp-kfhcgrt12":{"componentType":"WRichText"},"comp-kfhcgrt9":{"componentType":"WRichText"},"comp-kfhe0p19":{"componentType":"VerticalLine","uiType":"VerticalSolidLine"},"comp-kfhe0p1b":{"componentType":"VerticalLine","uiType":"VerticalSolidLine"},"comp-kfhe0p1c1":{"componentType":"FiveGridLine"},"comp-kfhe0p1e":{"componentType":"FiveGridLine"},"comp-kfhe0p1f2":{"componentType":"WRichText"},"comp-kfhe0p1h2":{"componentType":"WRichText"},"comp-kfir6sr0":{"componentType":"VerticalLine","uiType":"VerticalSolidLine"},"comp-kfir6sr5":{"componentType":"VerticalLine","uiType":"VerticalSolidLine"},"comp-kfir6sr8":{"componentType":"FiveGridLine"},"comp-kfir6sre":{"componentType":"FiveGridLine"},"comp-kfir6sri":{"componentType":"WRichText"},"comp-kfir6sru":{"componentType":"WRichText"},"comp-kfirb1yn":{"componentType":"VerticalLine","uiType":"VerticalSolidLine"},"comp-kfirb1yv":{"componentType":"VerticalLine","uiType":"VerticalSolidLine"},"comp-kfirb1z2":{"componentType":"FiveGridLine"},"comp-kfirb1zd":{"componentType":"FiveGridLine"},"comp-kfirb1zk":{"componentType":"WRichText"},"comp-kfirb1zr":{"componentType":"WRichText"},"comp-kfirb2aw":{"componentType":"VerticalLine","uiType":"VerticalSolidLine"},"comp-kfirb2b2":{"componentType":"VerticalLine","uiType":"VerticalSolidLine"},"comp-kfirb2b7":{"componentType":"FiveGridLine"},"comp-kfirb2be":{"componentType":"FiveGridLine"},"comp-kfirb2bj":{"componentType":"WRichText"},"comp-kfirb2bp":{"componentType":"WRichText"},"comp-kfyrhs21":{"componentType":"WRichText"},"comp-kfyrh730":{"componentType":"WRichText"},"comp-kfyria6s":{"componentType":"WRichText"},"comp-kfyrhxti":{"componentType":"WRichText"},"comp-kfyri8ji":{"componentType":"WRichText"},"comp-kfyrhjwf":{"componentType":"WRichText"},"comp-kfyrkpv0":{"componentType":"WRichText"},"comp-kfyrkpsw":{"componentType":"WRichText"},"comp-kfyrkptr":{"componentType":"WRichText"},"comp-kfyrkpvp":{"componentType":"WRichText"},"comp-kfyrkpwq":{"componentType":"WRichText"},"comp-kfyrkpuf":{"componentType":"WRichText"},"pageBackground_c1dmp":{"componentType":"PageBackground"},"Containerc1dmp":{"components":["comp-kfeha5dk","comp-kfd2dipj","comp-j0b5pjyk1","comp-kfh6t6vm","comp-kfh8tivq","comp-kfh9vukm","comp-kfhcgrrg","comp-kfhe0ozc","comp-kfir6si5","comp-kfirb1nt","comp-kfirb1pf","comp-kfyrp71s","comp-kfyrq0c3","comp-kfyrpp52","comp-kfyrqb5h","comp-kfyrr27o","comp-kfyrsnki","comp-kfyrt7fb"],"componentType":"Group"},"comp-kfh6t6vm:hover":{"components":["comp-kfh6t6xq","comp-kfh6t6xr1","comp-kfh6t6xs2","comp-kfh6t6xu2","comp-ixt27eu8","comp-kfh7flnk"],"componentType":"HoverBox"},"comp-kfh8tivq:hover":{"components":["comp-kfh8tixm","comp-kfh8tixo3","comp-kfh8tixq","comp-kfh8tixs1","comp-kfh8tixv3","comp-kfh8tixy2"],"componentType":"HoverBox"},"comp-kfh9vukm:hover":{"components":["comp-kfh9vumi","comp-kfh9vuml","comp-kfh9vumm1","comp-kfh9vumo2","comp-kfh9vumq","comp-kfh9vumt"],"componentType":"HoverBox"},"comp-kfhcgrrg:hover":{"components":["comp-kfhcgrsu","comp-kfhcgrsw2","comp-kfhcgrsx4","comp-kfhcgrt0","comp-kfhcgrt12","comp-kfhcgrt9"],"componentType":"HoverBox"},"comp-kfhe0ozc:hover":{"components":["comp-kfhe0p19","comp-kfhe0p1b","comp-kfhe0p1c1","comp-kfhe0p1e","comp-kfhe0p1f2","comp-kfhe0p1h2"],"componentType":"HoverBox"},"comp-kfir6si5:hover":{"components":["comp-kfir6sr0","comp-kfir6sr5","comp-kfir6sr8","comp-kfir6sre","comp-kfir6sri","comp-kfir6sru"],"componentType":"HoverBox"},"comp-kfirb1nt:hover":{"components":["comp-kfirb1yn","comp-kfirb1yv","comp-kfirb1z2","comp-kfirb1zd","comp-kfirb1zk","comp-kfirb1zr"],"componentType":"HoverBox"},"comp-kfirb1pf:hover":{"components":["comp-kfirb2aw","comp-kfirb2b2","comp-kfirb2b7","comp-kfirb2be","comp-kfirb2bj","comp-kfirb2bp"],"componentType":"HoverBox"}},"features":["animations","backgroundScrub","businessLogger","clickHandlerRegistrar","hoverBox","pageTransitions","renderer","reporter","scrollRestoration","scrollToAnchor","seo","windowScroll","wixEmbedsApi"],"siteFeaturesConfigs":null},"props":{"render":{"compProps":{"comp-kfeha5dk":{"uri":"aa55a5_0e706196190740e19f843472e4d25105~mv2.png","alt":"Asset 4.png","name":"Asset 4.png","width":524,"height":524,"title":"","containerId":"comp-kfeha5dk","hasBgScrollEffect":"","bgEffectName":"","displayMode":"fill","crop":null,"onClickBehavior":"goToLink"},"comp-kfd2dipj":{"html":"<p class=\"font_7\" style=\"font-size:10px; text-align:center\"><span style=\"font-size:10px\"><span style=\"font-family:lulo-clean-w01-one-bold,sans-serif\"><span style=\"font-weight:bold\">Oxford university</span></span></span></p>\n\n<p class=\"font_7\" style=\"font-size:10px; text-align:center\"><span style=\"font-size:10px\"><span style=\"font-family:lulo-clean-w01-one-bold,sans-serif\"><span style=\"font-weight:bold\">Recording Society</span></span></span></p>","skin":"WRichTextNewSkin"},"comp-j0b5pjyk1":{"label":"Become a member","skin":"BasicButton","link":{"href":"./join","target":"_self"},"hasPlatformClickHandler":false,"classNames":{"desktop":"desktop"}},"comp-kfh6t6vm":{"fillLayers":{"containerId":"comp-kfh6t6vm","image":{"uri":"nsplsh_1be8a92b726a4c5098e2a68470ad3bdc~mv2.jpg","alt":"Image by Evy Prentice","width":4653,"height":3082,"title":"Image by Evy Prentice","containerId":"comp-kfh6t6vm","hasBgScrollEffect":"","bgEffectName":"","alignType":"center","displayMode":"fill"}},"meshProps":{"wedges":[],"rotatedComponents":[],"experimentOpen":false},"hasHoverInteraction":false},"comp-kfh8tivq":{"fillLayers":{"containerId":"comp-kfh8tivq","image":{"uri":"aa55a5_9400224fa0dd47a486f54bec2fb2c126~mv2.jpg","alt":"jonas-jacobsson-2xaF4TbjXT0-unsplash.jpg","width":5783,"height":3855,"title":"jonas-jacobsson-2xaF4TbjXT0-unsplash.jpg","containerId":"comp-kfh8tivq","hasBgScrollEffect":"","bgEffectName":"","alignType":"center","displayMode":"fill"}},"meshProps":{"wedges":[],"rotatedComponents":[],"experimentOpen":false},"hasHoverInteraction":false},"comp-kfh9vukm":{"fillLayers":{"containerId":"comp-kfh9vukm","image":{"uri":"aa55a5_2cfe6597667341a38282a408e7063301~mv2.jpg","alt":"","width":3000,"height":1480,"title":"man%20playing%20electronic%20keyboard_edited.jpg","containerId":"comp-kfh9vukm","hasBgScrollEffect":"","bgEffectName":"","alignType":"center","displayMode":"fill"}},"meshProps":{"wedges":[],"rotatedComponents":[],"experimentOpen":false},"hasHoverInteraction":false},"comp-kfhcgrrg":{"fillLayers":{"containerId":"comp-kfhcgrrg","image":{"uri":"11062b_d579cd7253694b549647b8ba7c0b1661~mv2_d_5300_3537_s_4_2.jpg","alt":"Female Singer and Bass Guitar","width":5300,"height":3537,"title":"Female Singer and Bass Guitar","containerId":"comp-kfhcgrrg","hasBgScrollEffect":"","bgEffectName":"","alignType":"center","displayMode":"fill"}},"meshProps":{"wedges":[],"rotatedComponents":[],"experimentOpen":false},"hasHoverInteraction":false},"comp-kfhe0ozc":{"fillLayers":{"containerId":"comp-kfhe0ozc","image":{"uri":"aa55a5_6ad37851793a487582689519b27441ce~mv2.jpg","alt":"","width":3000,"height":1876,"title":"_edited_edited.jpg","containerId":"comp-kfhe0ozc","hasBgScrollEffect":"","bgEffectName":"","alignType":"center","displayMode":"fill"}},"meshProps":{"wedges":[],"rotatedComponents":[],"experimentOpen":false},"hasHoverInteraction":false},"comp-kfir6si5":{"fillLayers":{"containerId":"comp-kfir6si5","image":{"uri":"11062b_65bc20a87e8a4a7ab1ed03646f52dd15~mv2.jpg","alt":"Music Equipment ","width":3360,"height":2240,"title":"Music Equipment ","containerId":"comp-kfir6si5","hasBgScrollEffect":"","bgEffectName":"","alignType":"center","displayMode":"fill"}},"meshProps":{"wedges":[],"rotatedComponents":[],"experimentOpen":false},"hasHoverInteraction":false},"comp-kfirb1nt":{"fillLayers":{"containerId":"comp-kfirb1nt","image":{"uri":"d7e3bd0b8acc406393d8752fedd77c2b.jpg","alt":"Live Concert","width":6000,"height":4000,"title":"Live Concert","containerId":"comp-kfirb1nt","hasBgScrollEffect":"","bgEffectName":"","alignType":"center","displayMode":"fill"}},"meshProps":{"wedges":["comp-kfirb1ntinlineContent-wedge-5"],"rotatedComponents":[],"experimentOpen":false},"hasHoverInteraction":false},"comp-kfirb1pf":{"fillLayers":{"containerId":"comp-kfirb1pf","image":{"uri":"a43ba53ac0ca41d7bed04762c9f8e8a3.jpg","alt":"Colorful Records","width":5184,"height":3456,"title":"Colorful Records","containerId":"comp-kfirb1pf","hasBgScrollEffect":"","bgEffectName":"","alignType":"center","displayMode":"fill"}},"meshProps":{"wedges":[],"rotatedComponents":[],"experimentOpen":false},"hasHoverInteraction":false},"comp-kfyrp71s":{"html":"<h2 class=\"font_2\" style=\"font-size: 47px;\"><span style=\"font-weight:bold;\"><span style=\"font-size:47px;\">If you...</span></span></h2>","skin":"WRichTextNewSkin"},"comp-kfyrq0c3":{"html":"<h2 class=\"font_2\" style=\"font-size:47px\"><span style=\"font-weight:bold\"><span style=\"font-size:47px\">and want to...</span></span></h2>","skin":"WRichTextNewSkin"},"comp-kfyrpp52":{"meshProps":{"wedges":[],"rotatedComponents":[],"fixedComponents":[],"experimentOpen":false}},"comp-kfyrqb5h":{"meshProps":{"wedges":[],"rotatedComponents":[],"fixedComponents":[],"experimentOpen":false}},"comp-kfyrr27o":{"label":"Become a member","skin":"BasicButton","link":{"href":"./join","target":"_self"},"hasPlatformClickHandler":false,"classNames":{"desktop":"desktop"}},"comp-kfyrsnki":{"svgContent":"<svg preserveAspectRatio=\"none\" data-bbox=\"19.999 55.498 159.999 89.002\" viewBox=\"19.999 55.498 159.999 89.002\" height=\"200\" width=\"200\" xmlns=\"http://www.w3.org/2000/svg\" data-type=\"shape\" role=\"img\">\n    <g>\n        <path d=\"M167.501 144.5a12.474 12.474 0 0 1-8.619-3.437L100 84.342l-58.883 56.721c-5 4.742-12.915 4.553-17.671-.434-4.761-4.985-4.566-12.873.435-17.62l67.5-64.071c4.824-4.586 12.412-4.586 17.236 0l67.5 64.071c5 4.747 5.195 12.634.435 17.62a12.461 12.461 0 0 1-9.051 3.871z\"/>\n    </g>\n</svg>\n","shouldScaleStroke":false,"withShadow":false},"comp-kfyrt7fb":{"svgContent":"<svg preserveAspectRatio=\"none\" data-bbox=\"19.999 55.498 159.999 89.002\" viewBox=\"19.999 55.498 159.999 89.002\" height=\"200\" width=\"200\" xmlns=\"http://www.w3.org/2000/svg\" data-type=\"shape\" role=\"img\">\n    <g>\n        <path d=\"M167.501 144.5a12.474 12.474 0 0 1-8.619-3.437L100 84.342l-58.883 56.721c-5 4.742-12.915 4.553-17.671-.434-4.761-4.985-4.566-12.873.435-17.62l67.5-64.071c4.824-4.586 12.412-4.586 17.236 0l67.5 64.071c5 4.747 5.195 12.634.435 17.62a12.461 12.461 0 0 1-9.051 3.871z\"/>\n    </g>\n</svg>\n","shouldScaleStroke":false,"withShadow":false},"comp-kfh6t6xs2":{"skin":"SolidLine"},"comp-kfh6t6xu2":{"skin":"SolidLine"},"comp-ixt27eu8":{"html":"<h3 class=\"font_3\" style=\"font-size:54px; line-height:1.4em\"><span class=\"color_15\"><span style=\"font-weight:bold\"><span style=\"font-size:54px\"><span class=\"backcolor_21\">Creating a&nbsp;student-led&nbsp;music&nbsp;industry in Oxford&nbsp;</span></span></span></span></h3>","skin":"WRichTextNewSkin"},"comp-kfh7flnk":{"html":"<p class=\"font_8\" style=\"text-align:justify;font-size:16px\"><span class=\"color_21\"><span style=\"font-family:barlow-medium,barlow,sans-serif\"><span class=\"backcolor_15\">For journalists, Oxford has student newspapers. For politicians, Oxford has the union and countless other societies dedicated to debate and policy. For future musicians or people interested in&nbsp;the music industry, there is currently nothing. </span></span></span></p>\n\n<p class=\"font_8\" style=\"text-align:justify;font-size:16px\">&nbsp;</p>\n\n<p class=\"font_8\" style=\"text-align:justify;font-size:16px\"><span class=\"color_21\"><span style=\"font-family:barlow-medium,barlow,sans-serif\"><span class=\"backcolor_15\">The </span><span style=\"font-weight:bold\"><span style=\"text-decoration:underline\"><span style=\"font-style:italic\"><span class=\"backcolor_15\">Oxford Recording Society</span></span></span></span><span class=\"backcolor_15\"> aims to create what is desperately needed, and will act as both a student-led mini music industry in Oxford, and a new hub for the wider music industry in Oxford that will shift Oxford&rsquo;s music scene from the current classical/jazz focus to a wider scene that reflects the tastes of all the students at Oxford.&nbsp;</span></span></span><span class=\"color_21\"><span style=\"font-family:barlow-medium,barlow,sans-serif\"><span class=\"backcolor_15\">We plan to create and coordinate opportunities to engage in all aspects of the music industry, including:</span></span></span></p>\n\n<p class=\"font_8\" style=\"font-size:16px\">&nbsp;</p>\n\n<ul class=\"font_8 color_21\" style=\"font-family:barlow-medium,barlow,sans-serif;font-size:16px\">\n\t<li>\n\t<p class=\"font_8\" style=\"font-size:16px\"><span class=\"color_21\"><span style=\"font-family:barlow-medium,barlow,sans-serif\"><span class=\"backcolor_15\">The <span style=\"text-decoration:underline\"><span style=\"font-style:italic\"><span style=\"font-weight:bold\">writing</span></span>, <span style=\"font-style:italic\"><span style=\"font-weight:bold\">recording</span></span>, <span style=\"font-style:italic\"><span style=\"font-weight:bold\">production</span></span></span> and <span style=\"text-decoration:underline\"><span style=\"font-style:italic\"><span style=\"font-weight:bold\">performance</span></span></span> of music.</span></span></span></p>\n\t</li>\n\t<li>\n\t<p class=\"font_8\" style=\"font-size:16px\"><span class=\"color_21\"><span style=\"font-family:barlow-medium,barlow,sans-serif\"><span class=\"backcolor_15\">The<span style=\"text-decoration:underline\"> <span style=\"font-style:italic\"><span style=\"font-weight:bold\">release</span></span>,<span style=\"font-style:italic\"><span style=\"font-weight:bold\"> promotion</span></span>, <span style=\"font-style:italic\"><span style=\"font-weight:bold\">management</span></span>, <span style=\"font-style:italic\"><span style=\"font-weight:bold\">marketing</span></span></span> and <span style=\"text-decoration:underline\"><span style=\"font-style:italic\"><span style=\"font-weight:bold\">business</span></span></span> of music.</span></span></span></p>\n\t</li>\n\t<li>\n\t<p class=\"font_8\" style=\"font-size:16px\"><span class=\"color_21\"><span style=\"font-family:barlow-medium,barlow,sans-serif\"><span class=\"backcolor_15\">Technical aspects like <span style=\"text-decoration:underline\"><span style=\"font-style:italic\"><span style=\"font-weight:bold\">sound design</span></span>, <span style=\"font-style:italic\"><span style=\"font-weight:bold\">mixing</span></span></span> and <span style=\"text-decoration:underline\"><span style=\"font-style:italic\"><span style=\"font-weight:bold\">mastering</span></span></span>.</span></span></span></p>\n\t</li>\n\t<li>\n\t<p class=\"font_8\" style=\"font-size:16px\"><span class=\"color_21\"><span style=\"font-family:barlow-medium,barlow,sans-serif\"><span class=\"backcolor_15\"><span style=\"text-decoration:underline\"><span style=\"font-style:italic\"><span style=\"font-weight:bold\">Album art</span></span></span> illustration.</span></span></span></p>\n\t</li>\n\t<li>\n\t<p class=\"font_8\" style=\"font-size:16px\"><span class=\"color_21\"><span style=\"font-family:barlow-medium,barlow,sans-serif\"><span class=\"backcolor_15\">The production of <span style=\"text-decoration:underline\"><span style=\"font-style:italic\"><span style=\"font-weight:bold\">music videos</span></span></span>.</span></span></span></p>\n\t</li>\n\t<li>\n\t<p class=\"font_8\" style=\"font-size:16px\"><span class=\"color_21\"><span style=\"font-family:barlow-medium,barlow,sans-serif\"><span class=\"backcolor_15\"><span style=\"text-decoration:underline\"><span style=\"font-style:italic\"><span style=\"font-weight:bold\">Music journalism</span></span></span>.</span></span></span></p>\n\t</li>\n</ul>","skin":"WRichTextNewSkin"},"comp-kfh8tixq":{"skin":"SolidLine"},"comp-kfh8tixs1":{"skin":"SolidLine"},"comp-kfh8tixv3":{"html":"<h3 class=\"font_3\" style=\"font-size:54px; line-height:1.4em; text-align:right\"><span class=\"color_15\"><span style=\"font-weight:bold\"><span style=\"font-size:54px\"><span class=\"backcolor_18\">Inviting music</span></span></span></span></h3>\n\n<h3 class=\"font_3\" style=\"font-size:54px; line-height:1.4em; text-align:right\"><span class=\"color_15\"><span style=\"font-weight:bold\"><span style=\"font-size:54px\"><span class=\"backcolor_18\">industry speakers</span></span></span></span></h3>","skin":"WRichTextNewSkin"},"comp-kfh8tixy2":{"html":"<p class=\"font_8\" style=\"text-align:justify;font-size:16px\"><span class=\"color_18\"><span style=\"font-family:barlow-medium,barlow,sans-serif\"><span style=\"background-color:#000000;\">Perhaps our most attractive goal for members is that we plan to use the </span><span style=\"text-decoration:underline\"><span style=\"font-style:italic\"><span style=\"font-weight:bold\"><span style=\"background-color:#000000;\">Oxford Recording Society </span></span></span></span><span style=\"background-color:#000000;\">as a forum for inviting global speakers from the music industry to give talks at Oxford. </span></span></span></p>\n\n<p class=\"font_8\" style=\"text-align:justify;font-size:16px\">&nbsp;</p>\n\n<p class=\"font_8\" style=\"text-align:justify;font-size:16px\"><span class=\"color_18\"><span style=\"font-family:barlow-medium,barlow,sans-serif\"><span style=\"background-color:#000000;\">We hope to be able to book a wide variety of speakers from different genres and sectors of the music industry. Some sorts of speakers that we&#39;d like to invite are:</span></span></span></p>\n\n<p class=\"font_8\" style=\"text-align:justify;font-size:16px\"><span class=\"color_18\"><span style=\"font-family:barlow-medium,barlow,sans-serif\"><span style=\"background-color:#000000;\"><span class=\"wixGuard\">​</span></span></span></span></p>\n\n<ul class=\"font_8 color_18\" style=\"font-family:barlow-medium, barlow, sans-serif;text-align:justify;font-size:16px\">\n\t<li>\n\t<p class=\"font_8\" style=\"font-size:16px\"><span class=\"color_18\"><span style=\"font-style:italic\"><span style=\"font-weight:bold\"><span style=\"font-family:barlow-medium,barlow,sans-serif\"><span style=\"background-color:#000000;\">Film </span></span></span></span><span style=\"font-family:barlow-medium,barlow,sans-serif\"><span style=\"background-color:#000000;\">&amp;</span></span><span style=\"font-style:italic\"><span style=\"font-weight:bold\"><span style=\"font-family:barlow-medium,barlow,sans-serif\"><span style=\"background-color:#000000;\"> TV composers</span></span></span></span></span></p>\n\t</li>\n\t<li>\n\t<p class=\"font_8\" style=\"font-size:16px\"><span class=\"color_18\"><span style=\"font-style:italic\"><span style=\"font-weight:bold\"><span style=\"font-family:barlow-medium,barlow,sans-serif\"><span style=\"background-color:#000000;\">Music </span></span></span></span><span style=\"font-family:barlow-medium,barlow,sans-serif\"><span style=\"background-color:#000000;\">&amp;</span></span><span style=\"font-style:italic\"><span style=\"font-weight:bold\"><span style=\"font-family:barlow-medium,barlow,sans-serif\"><span style=\"background-color:#000000;\"> label executives</span></span></span></span></span></p>\n\t</li>\n\t<li>\n\t<p class=\"font_8\" style=\"font-size:16px\"><span class=\"color_18\"><span style=\"font-family:barlow-medium,barlow,sans-serif\"><span style=\"font-style:italic\"><span style=\"font-weight:bold\"><span style=\"background-color:#000000;\">Producers </span></span></span><span style=\"background-color:#000000;\">and </span><span style=\"font-style:italic\"><span style=\"font-weight:bold\"><span style=\"background-color:#000000;\">songwriters</span></span></span></span></span></p>\n\t</li>\n\t<li>\n\t<p class=\"font_8\" style=\"font-size:16px\"><span class=\"color_18\"><span style=\"font-family:barlow-medium,barlow,sans-serif\"><span style=\"background-color:#000000;\">Some of your favourite </span><span style=\"font-style:italic\"><span style=\"font-weight:bold\"><span style=\"background-color:#000000;\">music artists</span></span></span><span style=\"background-color:#000000;\"> (from many genres)</span></span></span></p>\n\t</li>\n</ul>\n\n<p class=\"font_8\" style=\"text-align:justify;font-size:16px\">&nbsp;</p>\n\n<p class=\"font_8\" style=\"text-align:justify;font-size:16px\"><span class=\"color_18\"><span style=\"font-family:barlow-medium,barlow,sans-serif\"><span style=\"background-color:#000000;\">Members of the OURS will get full free access to all of these talks. So if you&#39;ve ever wanted to hear talks from some prominent music people including music artists, become a member!</span></span></span></p>","skin":"WRichTextNewSkin"},"comp-kfh9vumm1":{"skin":"SolidLine"},"comp-kfh9vumo2":{"skin":"SolidLine"},"comp-kfh9vumq":{"html":"<h3 class=\"font_3\" style=\"font-size:54px; line-height:1.4em\"><span class=\"color_15\"><span style=\"font-weight:bold\"><span style=\"font-size:54px\"><span style=\"background-color:#B9016C\">Providing professional music opportunities</span></span></span></span></h3>","skin":"WRichTextNewSkin"},"comp-kfh9vumt":{"html":"<p class=\"font_8\" style=\"text-align:justify;font-size:16px\"><span style=\"font-weight:bold\"><span style=\"color:#B9016C\"><span style=\"font-family:barlow-medium,barlow,sans-serif\"><span class=\"backcolor_15\">Performance/Gigs: </span></span></span></span><span style=\"color:#B9016C\"><span style=\"font-family:barlow-medium,barlow,sans-serif\"><span class=\"backcolor_15\">Members will get opportunities to take part in professional gigs in proper venues with proper equipment. We want to build relationships with Oxford venues (O2 Academy, Bullingdon, etc.) to get gig opportunities for members. We will also have a termly busking schedule to allow members to play for the public in various parts of the city and many open mic nights - all sound equipment will be provided.</span></span></span></p>\n\n<p class=\"font_8\" style=\"text-align:justify;font-size:16px\"><span style=\"font-weight:bold\"><span style=\"color:#B9016C\"><span style=\"font-family:barlow-medium,barlow,sans-serif\"><span class=\"wixGuard\">​</span></span></span></span></p>\n\n<p class=\"font_8\" style=\"text-align:justify;font-size:16px\"><span style=\"font-weight:bold\"><span style=\"color:#B9016C\"><span style=\"font-family:barlow-medium,barlow,sans-serif\"><span class=\"backcolor_15\">Writing/Recording:&nbsp;</span></span></span></span><span style=\"color:#B9016C\"><span style=\"font-family:barlow-medium,barlow,sans-serif\"><span class=\"backcolor_15\">We will strongly encourage collaboration between members, organising songwriting collaboration sessions and jam sessions,&nbsp;and helping you find friends and songwriting partners to write with.&nbsp;&nbsp;We will also make sure members have access to opportunities to record and produce music.&nbsp;By forging&nbsp;connections with music studios in Oxford, we hope to provide you opportunities&nbsp;to make music with proper equipment in professional studios - with professional producers and session musicians as well. We plan to run several studio sessions throughout term.&nbsp;</span></span></span></p>\n\n<p class=\"font_8\" style=\"text-align:justify;font-size:16px\"><span style=\"color:#B9016C\"><span style=\"font-family:barlow-medium,barlow,sans-serif\"><span class=\"wixGuard\">​</span></span></span></p>\n\n<p class=\"font_8\" style=\"text-align:justify;font-size:16px\"><span style=\"color:#B9016C\"><span style=\"font-family:barlow-medium,barlow,sans-serif\"><span class=\"backcolor_15\"><span style=\"font-weight:bold\">Video:&nbsp;</span>Music &amp; video often work hand in hand in the music industry and so this is an area we would like to focus on too. We will run various youtube series allowing members to film or take part in&nbsp;professional live performance videos of covers and originals, as well as in the production of&nbsp;music videos.&nbsp;</span></span></span></p>","skin":"WRichTextNewSkin"},"comp-kfhcgrsx4":{"skin":"SolidLine"},"comp-kfhcgrt0":{"skin":"SolidLine"},"comp-kfhcgrt12":{"html":"<h3 class=\"font_3\" style=\"font-size:54px; line-height:1.4em; text-align:right\"><span class=\"color_15\"><span style=\"font-weight:bold\"><span style=\"font-size:54px\"><span style=\"background-color:#FF4040\">Connecting Oxford musicians</span></span></span></span></h3>","skin":"WRichTextNewSkin"},"comp-kfhcgrt9":{"html":"<p class=\"font_8\" style=\"text-align:justify;font-size:16px\"><span style=\"color:#FF4040\"><span style=\"font-family:barlow-medium,barlow,sans-serif\"><span style=\"background-color:#000000\">Facilitating a music scene among students doesn&rsquo;t work at all without collaboration between students at Oxford. We will make it one of our goals to facilitate this collaboration so that we can help combine the strengths of everyone to make and perform really good music.&nbsp;&nbsp;</span></span></span><span style=\"color:#FF4040\"><span style=\"font-family:barlow-medium,barlow,sans-serif\"><span style=\"background-color:#000000\">As a member, if you are a singer/songwriter we&rsquo;ll help you find students who produce music and vice versa. If you are looking for people to play in a band, or to play live, the ORS will help create these connections.</span></span></span></p>\n\n<p class=\"font_8\" style=\"text-align:justify;font-size:16px\"><span style=\"color:#FF4040\"><span style=\"font-family:barlow-medium,barlow,sans-serif\"><span style=\"background-color:#000000\"><span class=\"wixGuard\">​</span></span></span></span></p>\n\n<ul class=\"font_8\" style=\"color:rgb(255, 64, 64);font-family:barlow-medium,barlow,sans-serif;text-align:justify;font-size:16px\">\n\t<li>\n\t<p class=\"font_8\" style=\"font-size:16px\"><span style=\"color:#FF4040\"><span style=\"font-family:barlow-medium,barlow,sans-serif\"><span style=\"background-color:#000000\">An <span style=\"text-decoration:underline\"><span style=\"font-style:italic\"><span style=\"font-weight:bold\">online database</span></span></span> on our website with an opt-in system will be available exclusively to members to add themselves and find other musicians who can work on projects with them.&nbsp;</span></span></span></p>\n\t</li>\n</ul>\n\n<p class=\"font_8\" style=\"text-align:justify;font-size:16px\">&nbsp;</p>\n\n<ul class=\"font_8\" style=\"color:rgb(255, 64, 64);font-family:barlow-medium,barlow,sans-serif;text-align:justify;font-size:16px\">\n\t<li>\n\t<p class=\"font_8\" style=\"font-size:16px\"><span style=\"color:#FF4040\"><span style=\"font-family:barlow-medium,barlow,sans-serif\"><span style=\"background-color:#000000\">We operate a <span style=\"text-decoration:underline\"><span style=\"font-style:italic\"><span style=\"font-weight:bold\">growing facebook group</span></span></span>&nbsp;(<span style=\"text-decoration:underline;\"><a href=\"http://www.facebook.com/groups/oxfordmusicrecording/\" target=\"_blank\" rel=\"noopener\">www.facebook.com/groups/oxfordmusicrecording/</a></span>)&nbsp;at the moment with loads of musicians that you can use to find like-minded people to collaborate with.&nbsp;</span></span></span></p>\n\t</li>\n</ul>\n\n<p class=\"font_8\" style=\"text-align:justify;font-size:16px\"><span style=\"color:#FF4040\"><span style=\"font-family:barlow-medium,barlow,sans-serif\"><span style=\"background-color:#000000\"><span class=\"wixGuard\">​</span></span></span></span></p>\n\n<ul class=\"font_8\" style=\"color:rgb(255, 64, 64);font-family:barlow-medium,barlow,sans-serif;text-align:justify;font-size:16px\">\n\t<li>\n\t<p class=\"font_8\" style=\"font-size:16px\"><span style=\"color:#FF4040\"><span style=\"font-family:barlow-medium,barlow,sans-serif\"><span style=\"background-color:#000000\">And finally, we&rsquo;ll hold fun <span style=\"text-decoration:underline\"><span style=\"font-style:italic\"><span style=\"font-weight:bold\">socials</span></span></span> and <span style=\"text-decoration:underline\"><span style=\"font-style:italic\"><span style=\"font-weight:bold\">get togethers</span></span></span> every term for all the ORS members to meet, as well as <span style=\"text-decoration:underline\"><span style=\"font-style:italic\"><span style=\"font-weight:bold\">jam sessions, collaborative studio sessions</span></span></span> and <span style=\"text-decoration:underline\"><span style=\"font-style:italic\"><span style=\"font-weight:bold\">collaborative songwriting sessions</span></span></span> to allow so much collaboration between all of us.</span></span></span></p>\n\t</li>\n</ul>","skin":"WRichTextNewSkin"},"comp-kfhe0p1c1":{"skin":"SolidLine"},"comp-kfhe0p1e":{"skin":"SolidLine"},"comp-kfhe0p1f2":{"html":"<h3 class=\"font_3\" style=\"font-size:54px; line-height:1.4em\"><span class=\"color_15\"><span style=\"font-weight:bold\"><span style=\"font-size:54px\"><span class=\"backcolor_21\">Facilities, equipment and resources for music making</span></span></span></span></h3>","skin":"WRichTextNewSkin"},"comp-kfhe0p1h2":{"html":"<p class=\"font_8\" style=\"text-align:justify;font-size:16px\"><span class=\"color_21\"><span style=\"font-family:barlow-medium,barlow,sans-serif\"><span class=\"backcolor_15\">We want our members to have everything they need for making and performing music. We recognize that music can be an expensive and resource intensive hobby. The Oxford Recording Society hopes to be able to provide equipment, software, space, human resources and grants to help you be as successful as possible in your music endeavours.</span></span></span></p>\n\n<p class=\"font_8\" style=\"font-size:16px\">&nbsp;</p>\n\n<ul class=\"font_8 color_21\" style=\"font-family:barlow-medium,barlow,sans-serif;font-size:16px\">\n\t<li>\n\t<p class=\"font_8\" style=\"font-size:16px\"><span class=\"color_21\"><span style=\"font-family:barlow-medium,barlow,sans-serif\"><span class=\"backcolor_15\">One of our goals is to build a <span style=\"text-decoration:underline\"><span style=\"font-style:italic\"><span style=\"font-weight:bold\">collection of useful music hardware/software</span></span></span> that can be<span style=\"font-style:italic\"><span style=\"font-weight:bold\"> </span></span><span style=\"text-decoration:underline\"><span style=\"font-style:italic\"><span style=\"font-weight:bold\">rented</span></span></span> for free by our members.</span></span></span></p>\n\t</li>\n</ul>\n\n<p class=\"font_8\" style=\"font-size:16px\"><span class=\"color_21\"><span style=\"font-family:barlow-medium,barlow,sans-serif\"><span class=\"wixGuard\">​</span></span></span></p>\n\n<ul class=\"font_8 color_21\" style=\"font-family:barlow-medium,barlow,sans-serif;font-size:16px\">\n\t<li>\n\t<p class=\"font_8\" style=\"font-size:16px\"><span class=\"color_21\"><span style=\"font-family:barlow-medium,barlow,sans-serif\"><span class=\"backcolor_15\">We will invest in <span style=\"text-decoration:underline\"><span style=\"font-style:italic\"><span style=\"font-weight:bold\">live sound equipment</span></span></span> so that all our performances opportunities have good sound quality provided.</span></span></span></p>\n\t</li>\n</ul>\n\n<p class=\"font_8\" style=\"font-size:16px\"><span class=\"color_21\"><span style=\"font-family:barlow-medium,barlow,sans-serif\"><span class=\"wixGuard\">​</span></span></span></p>\n\n<ul class=\"font_8 color_21\" style=\"font-family:barlow-medium,barlow,sans-serif;font-size:16px\">\n\t<li>\n\t<p class=\"font_8\" style=\"font-size:16px\"><span class=\"color_21\"><span style=\"font-family:barlow-medium,barlow,sans-serif\"><span class=\"backcolor_15\">We hope to collaborate with Oxford-based studios and the University to give members<span style=\"text-decoration:underline\"><span style=\"font-style:italic\"><span style=\"font-weight:bold\"> rehearsal space</span></span></span> and </span></span></span></p>\n\t</li>\n\t<li>\n\t<p class=\"font_8\" style=\"font-size:16px\"><span class=\"color_21\"><span style=\"font-family:barlow-medium,barlow,sans-serif\"><span class=\"backcolor_15\"><span style=\"text-decoration:underline\"><span style=\"font-style:italic\"><span style=\"font-weight:bold\">studio time</span></span></span> in a <span style=\"text-decoration:underline\"><span style=\"font-style:italic\"><span style=\"font-weight:bold\">professional music studio environment.</span></span></span></span></span></span></p>\n\t</li>\n</ul>\n\n<p class=\"font_8\" style=\"font-size:16px\"><span class=\"color_21\"><span style=\"font-family:barlow-medium,barlow,sans-serif\"><span class=\"wixGuard\">​</span></span></span></p>\n\n<ul class=\"font_8 color_21\" style=\"font-family:barlow-medium,barlow,sans-serif;font-size:16px\">\n\t<li>\n\t<p class=\"font_8\" style=\"font-size:16px\"><span class=\"color_21\"><span style=\"font-family:barlow-medium,barlow,sans-serif\"><span class=\"backcolor_15\">We will collect a <span style=\"text-decoration:underline\"><span style=\"font-style:italic\"><span style=\"font-weight:bold\">directory of useful people</span></span></span> (writers, producers, engineers, etc.) that can help you in your musical projects.</span></span></span></p>\n\t</li>\n</ul>\n\n<p class=\"font_8\" style=\"font-size:16px\"><span class=\"color_21\"><span style=\"font-family:barlow-medium,barlow,sans-serif\"><span class=\"wixGuard\">​</span></span></span></p>\n\n<ul class=\"font_8 color_21\" style=\"font-family:barlow-medium,barlow,sans-serif;font-size:16px\">\n\t<li>\n\t<p class=\"font_8\" style=\"font-size:16px\"><span class=\"color_21\"><span style=\"font-family:barlow-medium,barlow,sans-serif\"><span class=\"backcolor_15\"><span style=\"text-decoration:underline\"><span style=\"font-style:italic\"><span style=\"font-weight:bold\">Grants</span></span></span> will be available to members for certain proposed music projects after review by our committee.</span></span></span></p>\n\t</li>\n</ul>","skin":"WRichTextNewSkin"},"comp-kfir6sr8":{"skin":"SolidLine"},"comp-kfir6sre":{"skin":"SolidLine"},"comp-kfir6sri":{"html":"<h3 class=\"font_3\" style=\"font-size:54px; line-height:1.4em; text-align:right\"><span class=\"color_15\"><span style=\"font-weight:bold\"><span style=\"font-size:54px\"><span class=\"backcolor_18\">Organising music workshops</span></span></span></span></h3>","skin":"WRichTextNewSkin"},"comp-kfir6sru":{"html":"<p class=\"font_8\" style=\"text-align:justify;font-size:16px\"><span class=\"color_18\"><span style=\"font-family:barlow-medium,barlow,sans-serif\"><span style=\"background-color:#000000\">The Oxford Recording Society also wants to form a hub for music industry educational and networking events. We want to give you access to unparalleled talks, lectures, classes and networking meetups with big players in the music industry. We aim to provide talks and educational opportunities about:</span></span></span></p>\n\n<p class=\"font_8\" style=\"text-align:justify;font-size:16px\"><span class=\"color_18\"><span style=\"font-family:barlow-medium,barlow,sans-serif\"><span style=\"background-color:#000000\"><span class=\"wixGuard\">​</span></span></span></span></p>\n\n<ul class=\"color_18 font_8\" style=\"font-family:barlow-medium,barlow,sans-serif;text-align:justify;font-size:16px\">\n\t<li>\n\t<p class=\"font_8\" style=\"font-size:16px\"><span class=\"color_18\"><span style=\"font-family:barlow-medium,barlow,sans-serif\"><span style=\"background-color:#000000\"><span style=\"text-decoration:underline;\"><span style=\"font-style:italic;\"><span style=\"font-weight:bold;\">Songwriting</span></span></span> and <span style=\"text-decoration:underline;\"><span style=\"font-style:italic;\"><span style=\"font-weight:bold;\">music recording/performance/production</span></span></span>.</span></span></span></p>\n\t</li>\n\t<li>\n\t<p class=\"font_8\" style=\"font-size:16px\"><span class=\"color_18\"><span style=\"font-family:barlow-medium,barlow,sans-serif\"><span style=\"background-color:#000000\">Writing and producing for <span style=\"text-decoration:underline;\"><span style=\"font-style:italic;\"><span style=\"font-weight:bold;\">film and TV</span></span></span>.</span></span></span></p>\n\t</li>\n\t<li>\n\t<p class=\"font_8\" style=\"font-size:16px\"><span class=\"color_18\"><span style=\"font-family:barlow-medium,barlow,sans-serif\"><span style=\"background-color:#000000\">How to use different <span style=\"text-decoration:underline;\"><span style=\"font-style:italic;\"><span style=\"font-weight:bold;\">music technology (DAWs, synths, microphones, etc.)</span></span></span></span></span></span></p>\n\t</li>\n\t<li>\n\t<p class=\"font_8\" style=\"font-size:16px\"><span class=\"color_18\"><span style=\"font-family:barlow-medium,barlow,sans-serif\"><span style=\"background-color:#000000\">The <span style=\"text-decoration:underline;\"><span style=\"font-style:italic;\"><span style=\"font-weight:bold;\">engineering, physics</span></span></span> and <span style=\"text-decoration:underline;\"><span style=\"font-style:italic;\"><span style=\"font-weight:bold;\">maths </span></span></span>behind <span style=\"text-decoration:underline;\"><span style=\"font-style:italic;\"><span style=\"font-weight:bold;\">music recording</span></span></span>.</span></span></span></p>\n\t</li>\n\t<li>\n\t<p class=\"font_8\" style=\"font-size:16px\"><span class=\"color_18\"><span style=\"font-family:barlow-medium,barlow,sans-serif\"><span style=\"background-color:#000000\">Music <span style=\"text-decoration:underline;\"><span style=\"font-weight:bold;\"><span style=\"font-style:italic;\">journalism</span></span></span>.</span></span></span></p>\n\t</li>\n\t<li>\n\t<p class=\"font_8\" style=\"font-size:16px\"><span style=\"font-style:italic;\"><span style=\"font-weight:bold;\"><span class=\"color_18\"><span style=\"text-decoration:underline;\"><span style=\"font-family:barlow-medium,barlow,sans-serif\"><span style=\"background-color:#000000\">Making it in the music industry.</span></span></span></span></span></span></p>\n\t</li>\n\t<li>\n\t<p class=\"font_8\" style=\"font-size:16px\"><span class=\"color_18\"><span style=\"font-family:barlow-medium,barlow,sans-serif\"><span style=\"background-color:#000000\"><span style=\"text-decoration:underline;\"><span style=\"font-style:italic;\"><span style=\"font-weight:bold;\">&quot;Days in the life&quot; interviews</span></span></span> for <span style=\"text-decoration:underline;\"><span style=\"font-style:italic;\"><span style=\"font-weight:bold;\">different music industry careers</span></span></span>.</span></span></span></p>\n\t</li>\n</ul>\n\n<p class=\"font_8\" style=\"font-size:16px\"><span class=\"color_18\"><span style=\"font-family:barlow-medium,barlow,sans-serif\"><span style=\"background-color:#000000\"><span class=\"wixGuard\">​</span></span></span></span></p>\n\n<p class=\"font_8\" style=\"font-size:16px\"><span class=\"color_18\"><span style=\"font-family:barlow-medium,barlow,sans-serif\"><span style=\"background-color:#000000\">All talks and educational opportunities are provided free for members.</span></span></span></p>","skin":"WRichTextNewSkin"},"comp-kfirb1z2":{"skin":"SolidLine"},"comp-kfirb1zd":{"skin":"SolidLine"},"comp-kfirb1zk":{"html":"<h3 class=\"font_3\" style=\"font-size:54px; line-height:1.4em\"><span class=\"color_15\"><span style=\"font-weight:bold\"><span style=\"font-size:54px\"><span style=\"background-color:#B9016C\">A new social hub for music-based events in Oxford</span></span></span></span></h3>","skin":"WRichTextNewSkin"},"comp-kfirb1zr":{"html":"<p class=\"font_8\" style=\"text-align:justify;font-size:16px\"><span style=\"color:#B9016C\"><span style=\"font-family:barlow-medium,barlow,sans-serif\"><span style=\"background-color:#FFFFFF\">By building connections with the music industry, we will try to <span style=\"text-decoration:underline\"><span style=\"font-style:italic\"><span style=\"font-weight:bold\">push for more well known artists to do gigs at Oxford venues </span></span></span>(and organise these events). We want to bring your favourite artists to Oxford to perform. </span></span></span></p>\n\n<p class=\"font_8\" style=\"text-align:justify;font-size:16px\">&nbsp;</p>\n\n<p class=\"font_8\" style=\"text-align:justify;font-size:16px\"><span style=\"color:#B9016C\"><span style=\"font-family:barlow-medium,barlow,sans-serif\"><span style=\"background-color:#FFFFFF\">All ORS members will get discounted tickets to all of these events and will get a say in the artists we bring to Oxford.</span></span></span></p>\n\n<p class=\"font_8\" style=\"text-align:justify;font-size:16px\"><span style=\"color:#B9016C\"><span style=\"font-family:barlow-medium,barlow,sans-serif\"><span style=\"background-color:#FFFFFF\"><span class=\"wixGuard\">​</span></span></span></span></p>\n\n<p class=\"font_8\" style=\"font-size:16px\"><span style=\"color:#B9016C\"><span style=\"font-family:barlow-medium,barlow,sans-serif\"><span style=\"background-color:#FFFFFF\">Once the pandemic is over, we will also organise various themed <span style=\"text-decoration:underline\"><span style=\"font-style:italic\"><span style=\"font-weight:bold\">club nights</span></span></span> and <span style=\"text-decoration:underline\"><span style=\"font-weight:bold\"><span style=\"font-style:italic\">big nights out</span></span></span> that will be free for all ORS members. So if a good night out is what you&rsquo;re looking for, being an ORS member will give you lots of opportunities for that.&nbsp;</span></span></span></p>\n\n<p class=\"font_8\" style=\"font-size:16px\">&nbsp;</p>\n\n<p class=\"font_8\" style=\"font-size:16px\"><span style=\"color:#B9016C\"><span style=\"font-family:barlow-medium,barlow,sans-serif\"><span style=\"background-color:#FFFFFF\">The overall aim of the ORS through this goal is <span style=\"text-decoration:underline\"><span style=\"font-style:italic\"><span style=\"font-weight:bold\">to become a central hub for Oxford&rsquo;s music-entertainment industry</span></span></span>, and run the biggest music-based night outs in the city.</span></span></span></p>","skin":"WRichTextNewSkin"},"comp-kfirb2b7":{"skin":"SolidLine"},"comp-kfirb2be":{"skin":"SolidLine"},"comp-kfirb2bj":{"html":"<h3 class=\"font_3\" style=\"font-size:54px; line-height:1.4em; text-align:right\"><span class=\"color_15\"><span style=\"font-weight:bold\"><span style=\"font-size:54px\"><span style=\"background-color:#FF4040\">Oxford&#39;s very own record label for students</span></span></span></span></h3>","skin":"WRichTextNewSkin"},"comp-kfirb2bp":{"html":"<p class=\"font_8\" style=\"text-align:justify;font-size:16px\"><span style=\"color:#FF4040\"><span style=\"font-family:barlow-medium,barlow,sans-serif\"><span class=\"backcolor_11\">The Oxford Recording Society will run <span style=\"text-decoration:underline;\"><span style=\"font-style:italic;\"><span style=\"font-weight:bold;\">our own record</span></span></span> label run by students, for students. </span></span></span></p>\n\n<p class=\"font_8\" style=\"text-align:justify;font-size:16px\">&nbsp;</p>\n\n<p class=\"font_8\" style=\"text-align:justify;font-size:16px\"><span style=\"color:#FF4040\"><span style=\"font-family:barlow-medium,barlow,sans-serif\"><span class=\"backcolor_11\">Through <span style=\"font-style:italic;\"><span style=\"text-decoration:underline;\"><span style=\"font-weight:bold;\">Ox Records</span></span></span>, members will be able to record full pieces of work (singles, EPs, albums, etc.) and have their work published as if it was being released on a big record label. Ox Records will provide you and help you with everything that a regular release should have, such as:</span></span></span></p>\n\n<p class=\"font_8\" style=\"font-size:16px\">&nbsp;</p>\n\n<ul class=\"font_8\" style=\"color:rgb(255, 64, 64);font-family:barlow-medium,barlow,sans-serif;font-size:16px\">\n\t<li>\n\t<p class=\"font_8\" style=\"font-size:16px\"><span style=\"color:#FF4040\"><span style=\"font-family:barlow-medium,barlow,sans-serif\"><span class=\"backcolor_11\">Professional opportunities to write, record and perform your work (Ox Records will provide what you need for a musical project such as <span style=\"text-decoration:underline;\"><span style=\"font-style:italic;\"><span style=\"font-weight:bold;\">producers, session musicians, recording engineers</span></span></span>, etc.)</span></span></span></p>\n\t</li>\n\t<li>\n\t<p class=\"font_8\" style=\"font-size:16px\"><span style=\"color:#FF4040\"><span style=\"font-family:barlow-medium,barlow,sans-serif\"><span class=\"backcolor_11\">Professional<span style=\"font-style:italic;\"><span style=\"font-weight:bold;\"> </span></span><span style=\"text-decoration:underline;\"><span style=\"font-style:italic;\"><span style=\"font-weight:bold;\">album art</span></span></span>.</span></span></span></p>\n\t</li>\n\t<li>\n\t<p class=\"font_8\" style=\"font-size:16px\"><span style=\"color:#FF4040\"><span style=\"font-family:barlow-medium,barlow,sans-serif\"><span class=\"backcolor_11\">Releases on <span style=\"text-decoration:underline;\"><span style=\"font-style:italic;\"><span style=\"font-weight:bold;\">Spotify, Apple music</span></span></span> and other streaming platforms.</span></span></span></p>\n\t</li>\n\t<li>\n\t<p class=\"font_8\" style=\"font-size:16px\"><span style=\"color:#FF4040\"><span style=\"font-family:barlow-medium,barlow,sans-serif\"><span class=\"backcolor_11\">Filming of <span style=\"text-decoration:underline;\"><span style=\"font-style:italic;\"><span style=\"font-weight:bold;\">music videos</span></span></span> for your work.</span></span></span></p>\n\t</li>\n\t<li>\n\t<p class=\"font_8\" style=\"font-size:16px\"><span style=\"color:#FF4040\"><span style=\"font-family:barlow-medium,barlow,sans-serif\"><span class=\"backcolor_11\"><span style=\"text-decoration:underline;\"><span style=\"font-style:italic;\"><span style=\"font-weight:bold;\">Concerts and performance opportunities</span></span></span> to promote your music.</span></span></span></p>\n\t</li>\n\t<li>\n\t<p class=\"font_8\" style=\"font-size:16px\"><span style=\"color:#FF4040\"><span style=\"font-family:barlow-medium,barlow,sans-serif\"><span class=\"backcolor_11\">Dedicated <span style=\"text-decoration:underline;\"><span style=\"font-style:italic;\"><span style=\"font-weight:bold;\">promotion of your music</span></span></span>.</span></span></span></p>\n\t</li>\n</ul>","skin":"WRichTextNewSkin"},"comp-kfyrhs21":{"html":"<p class=\"font_8\" style=\"font-size:16px\">Play instruments</p>","skin":"WRichTextNewSkin"},"comp-kfyrh730":{"html":"<p class=\"font_8\" style=\"font-size:16px\">Sing</p>","skin":"WRichTextNewSkin"},"comp-kfyria6s":{"html":"<p class=\"font_8\" style=\"font-size:16px\">Make music</p>","skin":"WRichTextNewSkin"},"comp-kfyrhxti":{"html":"<p class=\"font_8\" style=\"font-size:16px\">Are interested in the music industry</p>","skin":"WRichTextNewSkin"},"comp-kfyri8ji":{"html":"<p class=\"font_8\" style=\"font-size:16px\">Play covers</p>","skin":"WRichTextNewSkin"},"comp-kfyrhjwf":{"html":"<p class=\"font_8\" style=\"font-size:16px\">Listen to lots of music</p>","skin":"WRichTextNewSkin"},"comp-kfyrkpv0":{"html":"<p class=\"font_8\" style=\"font-size:16px\">Record your work in a proper studio</p>","skin":"WRichTextNewSkin"},"comp-kfyrkpsw":{"html":"<p class=\"font_8\" style=\"font-size:16px\">Get music on spotify</p>","skin":"WRichTextNewSkin"},"comp-kfyrkptr":{"html":"<p class=\"font_8\" style=\"font-size:16px\">Meet other musicians</p>","skin":"WRichTextNewSkin"},"comp-kfyrkpvp":{"html":"<p class=\"font_8\" style=\"font-size:16px\">Attend talks by your favourite musicians</p>","skin":"WRichTextNewSkin"},"comp-kfyrkpwq":{"html":"<p class=\"font_8\" style=\"font-size:16px\">Perform in Oxford</p>\n\n<p class=\"font_8\" style=\"font-size:16px\">venues</p>","skin":"WRichTextNewSkin"},"comp-kfyrkpuf":{"html":"<p class=\"font_8\" style=\"font-size:16px\">Attend the&nbsp;best club nights in Oxford</p>","skin":"WRichTextNewSkin"},"pageBackground_c1dmp":{"fillLayers":{"containerId":"pageBackground_c1dmp","image":{"uri":"aa55a5_7050cf9348af4888badce676a232c658~mv2.jpg","alt":"","width":3000,"height":1688,"title":"bg4.jpg","containerId":"pageBackground_c1dmp","hasBgScrollEffect":"","bgEffectName":"","alignType":"center","displayMode":"fill"}},"isMediaPositionOverride":false},"Containerc1dmp":{"meshProps":{"wedges":["Containerc1dmpinlineContent-wedge-5","Containerc1dmpinlineContent-wedge-14"],"rotatedComponents":["comp-kfyrsnki","comp-kfyrt7fb"],"fixedComponents":[],"experimentOpen":false}},"comp-kfh6t6vm:hover":{"fillLayers":{"containerId":"comp-kfh6t6vm:hover","image":{"uri":"nsplsh_1be8a92b726a4c5098e2a68470ad3bdc~mv2.jpg","alt":"Image by Evy Prentice","width":4653,"height":3082,"title":"Image by Evy Prentice","containerId":"comp-kfh6t6vm:hover","hasBgScrollEffect":"","bgEffectName":"","alignType":"center","displayMode":"fill"}},"meshProps":{"wedges":[],"rotatedComponents":[],"experimentOpen":false},"hasHoverInteraction":false},"comp-kfh8tivq:hover":{"fillLayers":{"containerId":"comp-kfh8tivq:hover","image":{"uri":"aa55a5_9400224fa0dd47a486f54bec2fb2c126~mv2.jpg","alt":"jonas-jacobsson-2xaF4TbjXT0-unsplash.jpg","width":5783,"height":3855,"title":"jonas-jacobsson-2xaF4TbjXT0-unsplash.jpg","containerId":"comp-kfh8tivq:hover","hasBgScrollEffect":"","bgEffectName":"","alignType":"center","displayMode":"fill"}},"meshProps":{"wedges":[],"rotatedComponents":[],"experimentOpen":false},"hasHoverInteraction":false},"comp-kfh9vukm:hover":{"fillLayers":{"containerId":"comp-kfh9vukm:hover","image":{"uri":"aa55a5_2cfe6597667341a38282a408e7063301~mv2.jpg","alt":"","width":3000,"height":1480,"title":"man%20playing%20electronic%20keyboard_edited.jpg","containerId":"comp-kfh9vukm:hover","hasBgScrollEffect":"","bgEffectName":"","alignType":"center","displayMode":"fill"}},"meshProps":{"wedges":[],"rotatedComponents":[],"experimentOpen":false},"hasHoverInteraction":false},"comp-kfhcgrrg:hover":{"fillLayers":{"containerId":"comp-kfhcgrrg:hover","image":{"uri":"11062b_d579cd7253694b549647b8ba7c0b1661~mv2_d_5300_3537_s_4_2.jpg","alt":"Female Singer and Bass Guitar","width":5300,"height":3537,"title":"Female Singer and Bass Guitar","containerId":"comp-kfhcgrrg:hover","hasBgScrollEffect":"","bgEffectName":"","alignType":"center","displayMode":"fill"}},"meshProps":{"wedges":[],"rotatedComponents":[],"experimentOpen":false},"hasHoverInteraction":false},"comp-kfhe0ozc:hover":{"fillLayers":{"containerId":"comp-kfhe0ozc:hover","image":{"uri":"aa55a5_6ad37851793a487582689519b27441ce~mv2.jpg","alt":"","width":3000,"height":1876,"title":"_edited_edited.jpg","containerId":"comp-kfhe0ozc:hover","hasBgScrollEffect":"","bgEffectName":"","alignType":"center","displayMode":"fill"}},"meshProps":{"wedges":[],"rotatedComponents":[],"experimentOpen":false},"hasHoverInteraction":false},"comp-kfir6si5:hover":{"fillLayers":{"containerId":"comp-kfir6si5:hover","image":{"uri":"11062b_65bc20a87e8a4a7ab1ed03646f52dd15~mv2.jpg","alt":"Music Equipment ","width":3360,"height":2240,"title":"Music Equipment ","containerId":"comp-kfir6si5:hover","hasBgScrollEffect":"","bgEffectName":"","alignType":"center","displayMode":"fill"}},"meshProps":{"wedges":[],"rotatedComponents":[],"experimentOpen":false},"hasHoverInteraction":false},"comp-kfirb1nt:hover":{"fillLayers":{"containerId":"comp-kfirb1nt:hover","image":{"uri":"d7e3bd0b8acc406393d8752fedd77c2b.jpg","alt":"Live Concert","width":6000,"height":4000,"title":"Live Concert","containerId":"comp-kfirb1nt:hover","hasBgScrollEffect":"","bgEffectName":"","alignType":"center","displayMode":"fill"}},"meshProps":{"wedges":["comp-kfirb1ntinlineContent-wedge-5"],"rotatedComponents":[],"experimentOpen":false},"hasHoverInteraction":false},"comp-kfirb1pf:hover":{"fillLayers":{"containerId":"comp-kfirb1pf:hover","image":{"uri":"a43ba53ac0ca41d7bed04762c9f8e8a3.jpg","alt":"Colorful Records","width":5184,"height":3456,"title":"Colorful Records","containerId":"comp-kfirb1pf:hover","hasBgScrollEffect":"","bgEffectName":"","alignType":"center","displayMode":"fill"}},"meshProps":{"wedges":[],"rotatedComponents":[],"experimentOpen":false},"hasHoverInteraction":false}}},"backgroundScrub":{"scrubSequencesParams":{"pageBackground_c1dmp_SiteBackgroundParallax":{"compId":"pageBackground_c1dmp","targetElementSelector":"img_pageBackground_c1dmp","extraAnimationSelectors":{},"animationName":"SiteBackgroundParallax","duration":1,"delay":0}}},"hoverBox":{"defaultModeComps":{"comp-kfh6t6vm":["comp-ixt27eu8"],"comp-kfh8tivq":["comp-kfh8tixv3"],"comp-kfh9vukm":["comp-kfh9vumq"],"comp-kfhcgrrg":["comp-kfhcgrt12"],"comp-kfhe0ozc":["comp-kfhe0p1f2"],"comp-kfir6si5":["comp-kfir6sri"],"comp-kfirb1nt":["comp-kfirb1zk"],"comp-kfirb1pf":["comp-kfirb2bj"]},"hoverModeComps":{"comp-kfh6t6vm:hover":["comp-kfh6t6xq","comp-kfh6t6xr1","comp-kfh6t6xs2","comp-kfh6t6xu2","comp-kfh7flnk"],"comp-kfh8tivq:hover":["comp-kfh8tixm","comp-kfh8tixo3","comp-kfh8tixq","comp-kfh8tixs1","comp-kfh8tixy2"],"comp-kfh9vukm:hover":["comp-kfh9vumi","comp-kfh9vuml","comp-kfh9vumm1","comp-kfh9vumo2","comp-kfh9vumt"],"comp-kfhcgrrg:hover":["comp-kfhcgrsu","comp-kfhcgrsw2","comp-kfhcgrsx4","comp-kfhcgrt0","comp-kfhcgrt9"],"comp-kfhe0ozc:hover":["comp-kfhe0p19","comp-kfhe0p1b","comp-kfhe0p1c1","comp-kfhe0p1e","comp-kfhe0p1h2"],"comp-kfir6si5:hover":["comp-kfir6sr0","comp-kfir6sr5","comp-kfir6sr8","comp-kfir6sre","comp-kfir6sru"],"comp-kfirb1nt:hover":["comp-kfirb1yn","comp-kfirb1yv","comp-kfirb1z2","comp-kfirb1zd","comp-kfirb1zr"],"comp-kfirb1pf:hover":["comp-kfirb2aw","comp-kfirb2b2","comp-kfirb2b7","comp-kfirb2be","comp-kfirb2bp"]},"fixedPositionHoverBoxes":[],"hoverBoxParent":{"comp-kfh6t6vm":"Containerc1dmp","comp-kfh8tivq":"Containerc1dmp","comp-kfh9vukm":"Containerc1dmp","comp-kfhcgrrg":"Containerc1dmp","comp-kfhe0ozc":"Containerc1dmp","comp-kfir6si5":"Containerc1dmp","comp-kfirb1nt":"Containerc1dmp","comp-kfirb1pf":"Containerc1dmp"},"hoverBoxChildrenData":{"comp-kfh6t6vm":{"comp-ixt27eu8":{"behavior":{"in":{"action":"modeIn","name":"FadeIn","delay":0,"duration":0.35},"out":{"action":"modeOut","name":"FadeOut","delay":0,"duration":0.35}},"layout":{"width":432,"height":227,"x":48,"y":44,"scale":1,"rotationInDegrees":0,"fixedPosition":false}}},"comp-kfh8tivq":{"comp-kfh8tixv3":{"behavior":{"in":{"action":"modeIn","name":"FadeIn","delay":0,"duration":0.35},"out":{"action":"modeOut","name":"FadeOut","delay":0,"duration":0.35}},"layout":{"width":432,"height":151,"x":496,"y":44,"scale":1,"rotationInDegrees":0,"fixedPosition":false}}},"comp-kfh9vukm":{"comp-kfh9vumq":{"behavior":{"in":{"action":"modeIn","name":"FadeIn","delay":0,"duration":0.35},"out":{"action":"modeOut","name":"FadeOut","delay":0,"duration":0.35}},"layout":{"width":533,"height":151,"x":48,"y":40,"scale":1,"rotationInDegrees":0,"fixedPosition":false}}},"comp-kfhcgrrg":{"comp-kfhcgrt12":{"behavior":{"in":{"action":"modeIn","name":"FadeIn","delay":0,"duration":0.35},"out":{"action":"modeOut","name":"FadeOut","delay":0,"duration":0.35}},"layout":{"width":432,"height":151,"x":496,"y":44,"scale":1,"rotationInDegrees":0,"fixedPosition":false}}},"comp-kfhe0ozc":{"comp-kfhe0p1f2":{"behavior":{"in":{"action":"modeIn","name":"FadeIn","delay":0,"duration":0.35},"out":{"action":"modeOut","name":"FadeOut","delay":0,"duration":0.35}},"layout":{"width":491,"height":227,"x":48,"y":44,"scale":1,"rotationInDegrees":0,"fixedPosition":false}}},"comp-kfir6si5":{"comp-kfir6sri":{"behavior":{"in":{"action":"modeIn","name":"FadeIn","delay":0,"duration":0.35},"out":{"action":"modeOut","name":"FadeOut","delay":0,"duration":0.35}},"layout":{"width":432,"height":151,"x":496,"y":44,"scale":1,"rotationInDegrees":0,"fixedPosition":false}}},"comp-kfirb1nt":{"comp-kfirb1zk":{"behavior":{"in":{"action":"modeIn","name":"FadeIn","delay":0,"duration":0.35},"out":{"action":"modeOut","name":"FadeOut","delay":0,"duration":0.35}},"layout":{"width":465,"height":227,"x":48,"y":40,"scale":1,"rotationInDegrees":0,"fixedPosition":false}}},"comp-kfirb1pf":{"comp-kfirb2bj":{"behavior":{"in":{"action":"modeIn","name":"FadeIn","delay":0,"duration":0.35},"out":{"action":"modeOut","name":"FadeOut","delay":0,"duration":0.35}},"layout":{"width":432,"height":227,"x":496,"y":44,"scale":1,"rotationInDegrees":0,"fixedPosition":false}}},"comp-kfh6t6vm:hover":{"comp-kfh6t6xq":{"behavior":{"in":{"action":"modeIn","name":"FadeIn","delay":0,"duration":0.35},"out":{"action":"modeOut","name":"FadeOut","delay":0,"duration":0.35}},"layout":{"width":5,"height":329,"x":941,"y":25,"scale":1,"rotationInDegrees":0,"fixedPosition":false}},"comp-kfh6t6xr1":{"behavior":{"in":{"action":"modeIn","name":"FadeIn","delay":0,"duration":0.35},"out":{"action":"modeOut","name":"FadeOut","delay":0,"duration":0.35}},"layout":{"width":5,"height":329,"x":42,"y":25,"scale":1,"rotationInDegrees":0,"fixedPosition":false}},"comp-kfh6t6xs2":{"behavior":{"in":{"action":"modeIn","name":"FadeIn","delay":0,"duration":0.35},"out":{"action":"modeOut","name":"FadeOut","delay":0,"duration":0.35}},"layout":{"width":925,"height":5,"x":29,"y":341,"scale":1,"rotationInDegrees":0,"fixedPosition":false}},"comp-kfh6t6xu2":{"behavior":{"in":{"name":"SlideIn","delay":0,"duration":0.6,"params":{"direction":"left"},"action":"modeIn","targetId":""},"out":{"name":"SlideOut","delay":0,"duration":0.6,"params":{"direction":"left"},"action":"modeOut","targetId":""}},"layout":{"width":925,"height":5,"x":29,"y":38,"scale":1,"rotationInDegrees":0,"fixedPosition":false}},"comp-kfh7flnk":{"behavior":{"in":{"action":"modeIn","name":"FadeIn","delay":0,"duration":0.35},"out":{"action":"modeOut","name":"FadeOut","delay":0,"duration":0.35}},"layout":{"width":873,"height":278,"x":54,"y":50,"scale":1,"rotationInDegrees":0,"fixedPosition":false}}},"comp-kfh8tivq:hover":{"comp-kfh8tixm":{"behavior":{"in":{"action":"modeIn","name":"FadeIn","delay":0,"duration":0.35},"out":{"action":"modeOut","name":"FadeOut","delay":0,"duration":0.35}},"layout":{"width":5,"height":324,"x":941,"y":25,"scale":1,"rotationInDegrees":0,"fixedPosition":false}},"comp-kfh8tixo3":{"behavior":{"in":{"action":"modeIn","name":"FadeIn","delay":0,"duration":0.35},"out":{"action":"modeOut","name":"FadeOut","delay":0,"duration":0.35}},"layout":{"width":5,"height":324,"x":42,"y":25,"scale":1,"rotationInDegrees":0,"fixedPosition":false}},"comp-kfh8tixq":{"behavior":{"in":{"action":"modeIn","name":"FadeIn","delay":0,"duration":0.35},"out":{"action":"modeOut","name":"FadeOut","delay":0,"duration":0.35}},"layout":{"width":925,"height":5,"x":29,"y":336,"scale":1,"rotationInDegrees":0,"fixedPosition":false}},"comp-kfh8tixs1":{"behavior":{"in":{"action":"modeIn","name":"FadeIn","delay":0,"duration":0.35},"out":{"action":"modeOut","name":"FadeOut","delay":0,"duration":0.35}},"layout":{"width":925,"height":5,"x":29,"y":38,"scale":1,"rotationInDegrees":0,"fixedPosition":false}},"comp-kfh8tixy2":{"behavior":{"in":{"action":"modeIn","name":"FadeIn","delay":0,"duration":0.35},"out":{"action":"modeOut","name":"FadeOut","delay":0,"duration":0.35}},"layout":{"width":875,"height":258,"x":54,"y":50,"scale":1,"rotationInDegrees":0,"fixedPosition":false}}},"comp-kfh9vukm:hover":{"comp-kfh9vumi":{"behavior":{"in":{"action":"modeIn","name":"FadeIn","delay":0,"duration":0.35},"out":{"action":"modeOut","name":"FadeOut","delay":0,"duration":0.35}},"layout":{"width":5,"height":329,"x":941,"y":25,"scale":1,"rotationInDegrees":0,"fixedPosition":false}},"comp-kfh9vuml":{"behavior":{"in":{"action":"modeIn","name":"FadeIn","delay":0,"duration":0.35},"out":{"action":"modeOut","name":"FadeOut","delay":0,"duration":0.35}},"layout":{"width":5,"height":329,"x":42,"y":25,"scale":1,"rotationInDegrees":0,"fixedPosition":false}},"comp-kfh9vumm1":{"behavior":{"in":{"action":"modeIn","name":"FadeIn","delay":0,"duration":0.35},"out":{"action":"modeOut","name":"FadeOut","delay":0,"duration":0.35}},"layout":{"width":925,"height":5,"x":29,"y":343,"scale":1,"rotationInDegrees":0,"fixedPosition":false}},"comp-kfh9vumo2":{"behavior":{"in":{"action":"modeIn","name":"FadeIn","delay":0,"duration":0.35},"out":{"action":"modeOut","name":"FadeOut","delay":0,"duration":0.35}},"layout":{"width":925,"height":5,"x":29,"y":38,"scale":1,"rotationInDegrees":0,"fixedPosition":false}},"comp-kfh9vumt":{"behavior":{"in":{"action":"modeIn","name":"FadeIn","delay":0,"duration":0.35},"out":{"action":"modeOut","name":"FadeOut","delay":0,"duration":0.35}},"layout":{"width":875,"height":280,"x":54,"y":50,"scale":1,"rotationInDegrees":0,"fixedPosition":false}}},"comp-kfhcgrrg:hover":{"comp-kfhcgrsu":{"behavior":{"in":{"action":"modeIn","name":"FadeIn","delay":0,"duration":0.35},"out":{"action":"modeOut","name":"FadeOut","delay":0,"duration":0.35}},"layout":{"width":5,"height":324,"x":941,"y":25,"scale":1,"rotationInDegrees":0,"fixedPosition":false}},"comp-kfhcgrsw2":{"behavior":{"in":{"action":"modeIn","name":"FadeIn","delay":0,"duration":0.35},"out":{"action":"modeOut","name":"FadeOut","delay":0,"duration":0.35}},"layout":{"width":5,"height":324,"x":42,"y":25,"scale":1,"rotationInDegrees":0,"fixedPosition":false}},"comp-kfhcgrsx4":{"behavior":{"in":{"action":"modeIn","name":"FadeIn","delay":0,"duration":0.35},"out":{"action":"modeOut","name":"FadeOut","delay":0,"duration":0.35}},"layout":{"width":925,"height":5,"x":29,"y":336,"scale":1,"rotationInDegrees":0,"fixedPosition":false}},"comp-kfhcgrt0":{"behavior":{"in":{"action":"modeIn","name":"FadeIn","delay":0,"duration":0.35},"out":{"action":"modeOut","name":"FadeOut","delay":0,"duration":0.35}},"layout":{"width":925,"height":5,"x":29,"y":38,"scale":1,"rotationInDegrees":0,"fixedPosition":false}},"comp-kfhcgrt9":{"behavior":{"in":{"action":"modeIn","name":"FadeIn","delay":0,"duration":0.35},"out":{"action":"modeOut","name":"FadeOut","delay":0,"duration":0.35}},"layout":{"width":875,"height":259,"x":54,"y":50,"scale":1,"rotationInDegrees":0,"fixedPosition":false}}},"comp-kfhe0ozc:hover":{"comp-kfhe0p19":{"behavior":{"in":{"action":"modeIn","name":"FadeIn","delay":0,"duration":0.35},"out":{"action":"modeOut","name":"FadeOut","delay":0,"duration":0.35}},"layout":{"width":5,"height":329,"x":941,"y":25,"scale":1,"rotationInDegrees":0,"fixedPosition":false}},"comp-kfhe0p1b":{"behavior":{"in":{"action":"modeIn","name":"FadeIn","delay":0,"duration":0.35},"out":{"action":"modeOut","name":"FadeOut","delay":0,"duration":0.35}},"layout":{"width":5,"height":329,"x":42,"y":25,"scale":1,"rotationInDegrees":0,"fixedPosition":false}},"comp-kfhe0p1c1":{"behavior":{"in":{"action":"modeIn","name":"FadeIn","delay":0,"duration":0.35},"out":{"action":"modeOut","name":"FadeOut","delay":0,"duration":0.35}},"layout":{"width":925,"height":5,"x":27,"y":341,"scale":1,"rotationInDegrees":0,"fixedPosition":false}},"comp-kfhe0p1e":{"behavior":{"in":{"action":"modeIn","name":"FadeIn","delay":0,"duration":0.35},"out":{"action":"modeOut","name":"FadeOut","delay":0,"duration":0.35}},"layout":{"width":925,"height":5,"x":29,"y":38,"scale":1,"rotationInDegrees":0,"fixedPosition":false}},"comp-kfhe0p1h2":{"behavior":{"in":{"action":"modeIn","name":"FadeIn","delay":0,"duration":0.35},"out":{"action":"modeOut","name":"FadeOut","delay":0,"duration":0.35}},"layout":{"width":875,"height":279,"x":54,"y":50,"scale":1,"rotationInDegrees":0,"fixedPosition":false}}},"comp-kfir6si5:hover":{"comp-kfir6sr0":{"behavior":{"in":{"action":"modeIn","name":"FadeIn","delay":0,"duration":0.35},"out":{"action":"modeOut","name":"FadeOut","delay":0,"duration":0.35}},"layout":{"width":5,"height":324,"x":941,"y":25,"scale":1,"rotationInDegrees":0,"fixedPosition":false}},"comp-kfir6sr5":{"behavior":{"in":{"action":"modeIn","name":"FadeIn","delay":0,"duration":0.35},"out":{"action":"modeOut","name":"FadeOut","delay":0,"duration":0.35}},"layout":{"width":5,"height":324,"x":42,"y":25,"scale":1,"rotationInDegrees":0,"fixedPosition":false}},"comp-kfir6sr8":{"behavior":{"in":{"action":"modeIn","name":"FadeIn","delay":0,"duration":0.35},"out":{"action":"modeOut","name":"FadeOut","delay":0,"duration":0.35}},"layout":{"width":925,"height":5,"x":28,"y":336,"scale":1,"rotationInDegrees":0,"fixedPosition":false}},"comp-kfir6sre":{"behavior":{"in":{"action":"modeIn","name":"FadeIn","delay":0,"duration":0.35},"out":{"action":"modeOut","name":"FadeOut","delay":0,"duration":0.35}},"layout":{"width":925,"height":5,"x":29,"y":38,"scale":1,"rotationInDegrees":0,"fixedPosition":false}},"comp-kfir6sru":{"behavior":{"in":{"action":"modeIn","name":"FadeIn","delay":0,"duration":0.35},"out":{"action":"modeOut","name":"FadeOut","delay":0,"duration":0.35}},"layout":{"width":875,"height":260,"x":53,"y":48,"scale":1,"rotationInDegrees":0,"fixedPosition":false}}},"comp-kfirb1nt:hover":{"comp-kfirb1yn":{"behavior":{"in":{"action":"modeIn","name":"FadeIn","delay":0,"duration":0.35},"out":{"action":"modeOut","name":"FadeOut","delay":0,"duration":0.35}},"layout":{"width":5,"height":329,"x":941,"y":25,"scale":1,"rotationInDegrees":0,"fixedPosition":false}},"comp-kfirb1yv":{"behavior":{"in":{"action":"modeIn","name":"FadeIn","delay":0,"duration":0.35},"out":{"action":"modeOut","name":"FadeOut","delay":0,"duration":0.35}},"layout":{"width":5,"height":329,"x":42,"y":25,"scale":1,"rotationInDegrees":0,"fixedPosition":false}},"comp-kfirb1z2":{"behavior":{"in":{"action":"modeIn","name":"FadeIn","delay":0,"duration":0.35},"out":{"action":"modeOut","name":"FadeOut","delay":0,"duration":0.35}},"layout":{"width":925,"height":5,"x":29,"y":343,"scale":1,"rotationInDegrees":0,"fixedPosition":false}},"comp-kfirb1zd":{"behavior":{"in":{"action":"modeIn","name":"FadeIn","delay":0,"duration":0.35},"out":{"action":"modeOut","name":"FadeOut","delay":0,"duration":0.35}},"layout":{"width":925,"height":5,"x":29,"y":38,"scale":1,"rotationInDegrees":0,"fixedPosition":false}},"comp-kfirb1zr":{"behavior":{"in":{"action":"modeIn","name":"FadeIn","delay":0,"duration":0.35},"out":{"action":"modeOut","name":"FadeOut","delay":0,"duration":0.35}},"layout":{"width":875,"height":198,"x":54,"y":50,"scale":1,"rotationInDegrees":0,"fixedPosition":false}}},"comp-kfirb1pf:hover":{"comp-kfirb2aw":{"behavior":{"in":{"action":"modeIn","name":"FadeIn","delay":0,"duration":0.35},"out":{"action":"modeOut","name":"FadeOut","delay":0,"duration":0.35}},"layout":{"width":5,"height":324,"x":941,"y":25,"scale":1,"rotationInDegrees":0,"fixedPosition":false}},"comp-kfirb2b2":{"behavior":{"in":{"action":"modeIn","name":"FadeIn","delay":0,"duration":0.35},"out":{"action":"modeOut","name":"FadeOut","delay":0,"duration":0.35}},"layout":{"width":5,"height":324,"x":42,"y":25,"scale":1,"rotationInDegrees":0,"fixedPosition":false}},"comp-kfirb2b7":{"behavior":{"in":{"action":"modeIn","name":"FadeIn","delay":0,"duration":0.35},"out":{"action":"modeOut","name":"FadeOut","delay":0,"duration":0.35}},"layout":{"width":925,"height":5,"x":29,"y":336,"scale":1,"rotationInDegrees":0,"fixedPosition":false}},"comp-kfirb2be":{"behavior":{"in":{"action":"modeIn","name":"FadeIn","delay":0,"duration":0.35},"out":{"action":"modeOut","name":"FadeOut","delay":0,"duration":0.35}},"layout":{"width":925,"height":5,"x":29,"y":38,"scale":1,"rotationInDegrees":0,"fixedPosition":false}},"comp-kfirb2bp":{"behavior":{"in":{"action":"modeIn","name":"FadeIn","delay":0,"duration":0.35},"out":{"action":"modeOut","name":"FadeOut","delay":0,"duration":0.35}},"layout":{"width":875,"height":258,"x":54,"y":50,"scale":1,"rotationInDegrees":0,"fixedPosition":false}}}}},"pageTransitions":{"pageBackground":{"type":"BackgroundMedia","id":"c1dmp_j0atm9bp_bg","metaData":{"isPreset":false,"schemaVersion":"2.0","isHidden":false},"mediaRef":{"type":"Image","id":"c1dmp_desktop_mediaRef","metaData":{"isPreset":false,"schemaVersion":"2.0","isHidden":false},"title":"bg4.jpg","uri":"aa55a5_7050cf9348af4888badce676a232c658~mv2.jpg","description":"private","width":3000,"height":1688,"alt":"","artist":{"id":"","name":""}},"color":"{color_18}","alignType":"center","fittingType":"fill","scrollType":"parallax","colorOverlay":"","colorOverlayOpacity":0}},"renderer":{},"scrollToAnchor":{"anchorDataIdToCompIdMap":{},"nicknameToCompIdMap":{"page1":"c1dmp","image5":"comp-kfeha5dk","text8":"comp-kfd2dipj","button5":"comp-j0b5pjyk1","hoverBox1":"comp-kfh6t6vm:hover","hoverBox2":"comp-kfh8tivq:hover","hoverBox3":"comp-kfh9vukm:hover","hoverBox4":"comp-kfhcgrrg:hover","hoverBox5":"comp-kfhe0ozc:hover","hoverBox6":"comp-kfir6si5:hover","hoverBox7":"comp-kfirb1nt:hover","hoverBox8":"comp-kfirb1pf:hover","text48":"comp-kfyrp71s","text49":"comp-kfyrq0c3","group1":"comp-kfyrpp52","group2":"comp-kfyrqb5h","button6":"comp-kfyrr27o","vectorImage2":"comp-kfyrsnki","vectorImage1":"comp-kfyrt7fb","line4":"comp-kfh6t6xq","line3":"comp-kfh6t6xr1","line2":"comp-kfh6t6xs2","line1":"comp-kfh6t6xu2","text18":"comp-ixt27eu8","text19":"comp-kfh7flnk","line8":"comp-kfh8tixm","line7":"comp-kfh8tixo3","line6":"comp-kfh8tixq","line5":"comp-kfh8tixs1","text22":"comp-kfh8tixv3","text20":"comp-kfh8tixy2","line12":"comp-kfh9vumi","line11":"comp-kfh9vuml","line10":"comp-kfh9vumm1","line9":"comp-kfh9vumo2","text24":"comp-kfh9vumq","text23":"comp-kfh9vumt","line16":"comp-kfhcgrsu","line15":"comp-kfhcgrsw2","line14":"comp-kfhcgrsx4","line13":"comp-kfhcgrt0","text26":"comp-kfhcgrt12","text25":"comp-kfhcgrt9","line20":"comp-kfhe0p19","line19":"comp-kfhe0p1b","line18":"comp-kfhe0p1c1","line17":"comp-kfhe0p1e","text28":"comp-kfhe0p1f2","text27":"comp-kfhe0p1h2","line24":"comp-kfir6sr0","line23":"comp-kfir6sr5","line22":"comp-kfir6sr8","line21":"comp-kfir6sre","text30":"comp-kfir6sri","text29":"comp-kfir6sru","line28":"comp-kfirb1yn","line27":"comp-kfirb1yv","line26":"comp-kfirb1z2","line25":"comp-kfirb1zd","text32":"comp-kfirb1zk","text31":"comp-kfirb1zr","line32":"comp-kfirb2aw","line31":"comp-kfirb2b2","line30":"comp-kfirb2b7","line29":"comp-kfirb2be","text34":"comp-kfirb2bj","text33":"comp-kfirb2bp","text36":"comp-kfyrhs21","text37":"comp-kfyrh730","text40":"comp-kfyria6s","text41":"comp-kfyrhxti","text38":"comp-kfyri8ji","text39":"comp-kfyrhjwf","text45":"comp-kfyrkpv0","text42":"comp-kfyrkpsw","text43":"comp-kfyrkptr","text46":"comp-kfyrkpvp","text47":"comp-kfyrkpwq","text44":"comp-kfyrkpuf"},"compsWithCurrentInnerRouteDynamicPageLink":[]},"seo":{"description":"","indexPage":true,"ogImage":"","ogImageHeight":"","ogImageWidth":"","pageName":"HOME","title":"Oxford Recording Society","advancedSeoData":"{\"tags\":[{\"type\":\"title\",\"children\":\"Oxford Recording Society\"}]}"}}}