{"structure":{"components":{"kd483":{"components":["Containerkd483"],"componentType":"Page","uiType":"TransparentPageSkin"},"pageBackground_kd483":{"componentType":"PageBackground"},"Containerkd483":{"components":[],"componentType":"Group"}},"features":["animations","businessLogger","clickHandlerRegistrar","pageTransitions","renderer","reporter","scrollRestoration","scrollToAnchor","seo","windowScroll","wixEmbedsApi"],"siteFeaturesConfigs":null},"props":{"render":{"compProps":{"pageBackground_kd483":{"fillLayers":{"containerId":"pageBackground_kd483"},"isMediaPositionOverride":false},"Containerkd483":{"meshProps":{"wedges":[],"rotatedComponents":[],"fixedComponents":[],"experimentOpen":false}}}},"pageTransitions":{"pageBackground":{"type":"BackgroundMedia","id":"kd483_desktop_bg","metaData":{"isPreset":false,"schemaVersion":"2.0","isHidden":false},"color":"#07052E","alignType":"top_right","fittingType":"fill","scrollType":"parallax","colorOverlay":"","colorOverlayOpacity":0}},"renderer":{},"scrollToAnchor":{"anchorDataIdToCompIdMap":{},"nicknameToCompIdMap":{"page1":"kd483"},"compsWithCurrentInnerRouteDynamicPageLink":[]},"seo":{"description":"","indexPage":true,"ogImage":"","ogImageHeight":"","ogImageWidth":"","pageName":"Ox RECORDS","title":"","advancedSeoData":""}}}