{"structure":{"components":{"sr3by":{"components":["Containersr3by"],"componentType":"Page","uiType":"TransparentPageSkin"},"comp-iy2p9kye":{"componentType":"WRichText"},"comp-iy2p9kye1":{"componentType":"FiveGridLine"},"comp-kfypilcj":{"componentType":"WRichText"},"pageBackground_sr3by":{"componentType":"PageBackground"},"Containersr3by":{"components":["comp-iy2p9kye","comp-iy2p9kye1","comp-kfypilcj"],"componentType":"Group"}},"features":["animations","businessLogger","clickHandlerRegistrar","pageTransitions","renderer","reporter","scrollRestoration","scrollToAnchor","seo","windowScroll","wixEmbedsApi"],"siteFeaturesConfigs":null},"props":{"render":{"compProps":{"comp-iy2p9kye":{"html":"<h2 class=\"font_2\" style=\"line-height: 0.93em; text-align: center; font-size: 130px;\"><span style=\"font-size:130px;\">TERM CARD</span></h2>","skin":"WRichTextNewSkin"},"comp-iy2p9kye1":{"skin":"SolidLine"},"comp-kfypilcj":{"html":"<p class=\"font_8\" style=\"font-size:16px\"><span style=\"font-family:barlow-medium,barlow,sans-serif\">The Oxford Recording Society is a new society launching soon so for Michaelmas term 2020 we will not be holding any events, however, some events that you can expect to see here soon are:</span></p>\n\n<p class=\"font_8\" style=\"font-size:16px\"><span style=\"font-family:barlow-medium,barlow,sans-serif\"><span class=\"wixGuard\">​</span></span></p>\n\n<ul class=\"font_8\" style=\"font-family:barlow-medium,barlow,sans-serif;font-size:16px\">\n\t<li>\n\t<p class=\"font_8\" style=\"font-size:16px\"><span style=\"font-family:barlow-medium,barlow,sans-serif\">Open mic nights.</span></p>\n\t</li>\n\t<li>\n\t<p class=\"font_8\" style=\"font-size:16px\"><span style=\"font-family:barlow-medium,barlow,sans-serif\">Weekly busking.</span></p>\n\t</li>\n\t<li>\n\t<p class=\"font_8\" style=\"font-size:16px\"><span style=\"font-family:barlow-medium,barlow,sans-serif\">Concerts &amp; gigs.</span></p>\n\t</li>\n\t<li>\n\t<p class=\"font_8\" style=\"font-size:16px\"><span style=\"font-family:barlow-medium,barlow,sans-serif\">Talks by speakers from the music industry.</span></p>\n\t</li>\n\t<li>\n\t<p class=\"font_8\" style=\"font-size:16px\"><span style=\"font-family:barlow-medium,barlow,sans-serif\">Educational music seminars, lectures and workshops.</span></p>\n\t</li>\n\t<li>\n\t<p class=\"font_8\" style=\"font-size:16px\"><span style=\"font-family:barlow-medium,barlow,sans-serif\">Club nights.</span></p>\n\t</li>\n\t<li>\n\t<p class=\"font_8\" style=\"font-size:16px\"><span style=\"font-family:barlow-medium,barlow,sans-serif\">Member socials.</span></p>\n\t</li>\n\t<li>\n\t<p class=\"font_8\" style=\"font-size:16px\"><span style=\"font-family:barlow-medium,barlow,sans-serif\">Collaborative writing sessions.</span></p>\n\t</li>\n\t<li>\n\t<p class=\"font_8\" style=\"font-size:16px\"><span style=\"font-family:barlow-medium,barlow,sans-serif\">Collaborative recording/studio sessions.</span></p>\n\t</li>\n</ul>","skin":"WRichTextNewSkin"},"pageBackground_sr3by":{"fillLayers":{"containerId":"pageBackground_sr3by","backgroundOverlay":{}},"isMediaPositionOverride":false},"Containersr3by":{"meshProps":{"wedges":[],"rotatedComponents":[],"fixedComponents":[],"experimentOpen":false}}}},"pageTransitions":{"pageBackground":{"type":"BackgroundMedia","id":"sr3by_desktop_bg","metaData":{"isPreset":true,"schemaVersion":"2.0","isHidden":false},"color":"{color_21}","alignType":"top","fittingType":"fill","scrollType":"fixed"}},"renderer":{},"scrollToAnchor":{"anchorDataIdToCompIdMap":{},"nicknameToCompIdMap":{"page1":"sr3by","text1":"comp-iy2p9kye","line1":"comp-iy2p9kye1","text2":"comp-kfypilcj"},"compsWithCurrentInnerRouteDynamicPageLink":[]},"seo":{"description":"","indexPage":true,"ogImage":"","ogImageHeight":"","ogImageWidth":"","pageName":"TERM CARD","title":"Term Card | ORS","advancedSeoData":"{\"tags\":[{\"type\":\"title\",\"children\":\"Term Card | ORS\"}]}"}}}